floating_base_joint_x,floating_base_joint_y,floating_base_joint_z,floating_base_joint_qw,floating_base_joint_qx,floating_base_joint_qy,floating_base_joint_qz,left_hip_pitch_joint_q,left_hip_roll_joint_q,left_hip_yaw_joint_q,left_knee_joint_q,left_ankle_pitch_joint_q,left_ankle_roll_joint_q,right_hip_pitch_joint_q,right_hip_roll_joint_q,right_hip_yaw_joint_q,right_knee_joint_q,right_ankle_pitch_joint_q,right_ankle_roll_joint_q,floating_base_joint_vx,floating_base_joint_vy,floating_base_joint_vz,floating_base_joint_wx,floating_base_joint_wy,floating_base_joint_wz,left_hip_pitch_joint_dq,left_hip_roll_joint_dq,left_hip_yaw_joint_dq,left_knee_joint_dq,left_ankle_pitch_joint_dq,left_ankle_roll_joint_dq,right_hip_pitch_joint_dq,right_hip_roll_joint_dq,right_hip_yaw_joint_dq,right_knee_joint_dq,right_ankle_pitch_joint_dq,right_ankle_roll_joint_dq,floating_base_joint_acc_x,floating_base_joint_acc_y,floating_base_joint_acc_z,floating_base_joint_alpha_x,floating_base_joint_alpha_y,floating_base_joint_alpha_z,left_hip_pitch_joint_ddq,left_hip_roll_joint_ddq,left_hip_yaw_joint_ddq,left_knee_joint_ddq,left_ankle_pitch_joint_ddq,left_ankle_roll_joint_ddq,right_hip_pitch_joint_ddq,right_hip_roll_joint_ddq,right_hip_yaw_joint_ddq,right_knee_joint_ddq,right_ankle_pitch_joint_ddq,right_ankle_roll_joint_ddq,fallover
-0.0019289467555480679,0.0007204821303355256,0.792347270794261,0.9999830396845415,0.0015545490182408178,0.005480766791648003,-0.0012103371388503855,-0.0607282338791287,-0.007082826958279427,-0.012378900572351852,0.11913774000815057,-0.12202224866067651,-0.07213579600695393,-0.05454523301005644,-0.006361390899120543,0.006248409080092787,0.09752064620676011,-0.03826809318133391,0.09195191058089838,-0.09934062172780393,0.062171283614047404,-0.023294615649563095,0.2703752033296041,0.6585862302941203,-0.2617986995923292,-3.942149005718085,-0.4747373080319892,-0.5015740220935383,7.174851771706382,-5.476880959721871,-3.497164178600458,-3.397991531131441,-0.5054006638234106,0.4097148363922537,5.581054904941617,-3.3831742683341584,4.027562962382904,4.411216236144647,1.6165932203067805,2.3485680761150336,-1.8146069342676372,-9.416631689381232,-17.454008616252896,-0.752109442357487,24.602751254248513,70.58593216120823,7.029953865131862,53.4995907012953,-43.941097644810505,5.079689082719645,12.431359184155033,13.092324931415282,-24.69368549942657,35.536715982339736,-252.1469349522987,0.0
-0.002228747743031566,0.002239711119042522,0.793511139091578,0.9999303108744743,0.004287593070962351,0.009174561533284165,-0.006067731108579755,-0.1177612093698367,-0.008463637925925778,0.0029243664250715746,0.24389586268891628,-0.28779360526212966,-0.12145906539399827,-0.12079294234954346,-0.017082584543662963,0.01974979819994702,0.21690079879091514,-0.09692448802806038,0.19177609653621347,0.07586369439087613,0.08073502545267973,0.11276368700121069,0.23259037360839163,0.03359714038974346,-0.5720456966563094,-1.5628951816857901,0.23852997333679019,1.3164129390833326,4.797328896253062,-8.944546669019637,-2.681106726737915,-2.6997514355736025,-0.47370443396113165,0.6200934273204586,5.499633268069837,-1.9683734925668106,4.809863557176163,11.06324089355807,0.1785057935119857,5.334244946562044,-8.259233114034927,-41.39368762243862,-2.397658069584713,159.00433081149018,27.57276408038714,25.601294794083515,-185.52479902443517,0.9762649141268369,-37.0661858407138,96.45892178800825,9.43435439842307,-31.00379989372066,-94.14091998257604,128.29438178418957,-52.62683250389481,0.0
0.0005163887379773997,0.003997954955555283,0.7957523994428699,0.9998774863202502,0.006690647945705329,0.008415181310697484,-0.011376831873178393,-0.13325533559541297,-0.009430684093999948,0.0126371715978426,0.3197665942314981,-0.46876874740187086,-0.18628097986919043,-0.1851462489480395,-0.024814271450986077,0.05077314835261418,0.3609418003528666,-0.14571376424209737,0.3067837535104566,0.21197342718302906,0.07844624484570395,0.11393066012026762,0.1836706806199642,-0.2689292289174548,-0.32734375501614354,0.09245533409025736,-0.07077362252808313,0.14486688917828727,2.6553628818440482,-8.528915880029171,-3.1748300980037825,-2.8049564810981273,-0.18661447571157558,1.5711595237669058,7.040867710203377,-1.468522991452082,2.3296535622298267,9.48971413168222,-1.6578642406224873,0.3819168272459586,-10.357525824994212,-25.994299073754327,32.936705069570586,101.66059463595042,8.041167618255699,-20.2318088690079,-131.93723096183516,81.2236411099859,30.507155107061724,93.73623650079335,10.488288685149566,-69.02497972018668,-108.55988942202568,146.53514263229124,-360.9012258930054,0.0
0.005399644640500891,0.005168411425492276,0.7975239063033034,0.9998022129914406,0.0076336795785668255,0.00691822960451237,-0.01701175865834503,-0.11576837995667409,-0.002806324791571625,0.02968193957925113,0.32749167613174274,-0.5634547253613421,-0.23746473960837128,-0.27697635526590453,-0.0283190452683024,0.071572581250484,0.6125314220067104,-0.18494656029757525,0.31462764705755186,0.30645141831752476,0.03546431197617904,0.08908356785468322,-0.026955563050498066,-0.2040692294009816,-0.4185708247263454,1.3894368903595462,0.4718206826718772,0.7530522003894912,-0.5358779943694789,-3.5995564699052798,-2.1887614132136695,-4.356826221908494,-0.3171703625294026,0.34666828139588757,12.555949188881593,-1.1472345829510904,-0.3443404080561184,8.517774385692515,-3.121575996074527,1.5419193553490316,-19.791823991396036,-12.034261245704494,33.23502521466554,47.45119707321319,9.239626177125327,-47.40692574029726,-55.22263709903763,42.47306962840656,25.570323482739887,111.71383756978199,-16.1970886296575,-67.37390025292703,-233.5991983865403,84.47920129103265,-34.698738730373805,0.0
0.011786474186581762,0.0060347096499416605,0.7976678137828596,0.9996819302008662,0.007607206740476889,0.006649028829477019,-0.023107558311159425,-0.10254898206495672,-0.008703619242822742,-0.0016823987474701638,0.3132873715000935,-0.4294104360454453,-0.295958348089579,-0.3683212828681959,-0.003419515869329411,0.15105039164113812,0.8625047885903586,-0.30119090778971025,0.30252765787128566,0.3534290568631822,0.04336972399489617,-0.06148996167016405,-0.09873448181706748,-0.0023006708348698194,-0.6605353099112564,0.3948954099657779,-0.31090940780544846,-2.3140694069195322,-0.1014472129152077,8.546030940276351,-0.9128186886250249,-4.019206067098833,1.7146975340223964,4.5419716123729055,10.4246052423556,-5.924460335856175,-0.622112797320663,5.179878475615057,-0.72005563663045,-8.492771994194076,-21.623154418536004,-3.583364976939795,-4.729982370143551,8.800433690730324,38.97121492428903,-72.31918244738148,70.0631308136677,-77.65330510919478,177.72336915352196,89.87514696655496,10.441499261777086,-51.315278058788266,-311.9058573067671,95.99143730154827,7.858685834829245,0.0
0.019640920377214106,0.007895593128574218,0.7953012416321427,0.9995983519730752,0.007112365262708345,0.008174881784711568,-0.026186261682197842,-0.10565516285215236,-0.00873008620035919,-0.0005039402224767545,0.3315429612813232,-0.39924947174590675,-0.2970022755678527,-0.41853295814940605,-0.002316865350098206,0.1931540394691946,0.940575357050192,-0.344307506874384,0.2916737864731295,0.42019697472397044,0.1354839860911499,-0.17357990573568816,0.025959547261810215,0.2803842805582656,-0.11493204282217137,-0.44942092397620886,-0.08657235782382963,0.9889185424257779,1.0256656886425317,-0.23449485042885193,0.2581013707895547,-1.754965491612778,-1.0030980494418138,0.8265771674500545,0.281571583030206,-1.2648312000319846,-0.447282871088265,2.768750157056552,4.637609881782644,-7.043157907978442,10.358312770475555,14.580469439185038,14.726098924752156,-23.911771644017225,-29.651303917778648,38.53811574302639,-19.887163938494545,-45.65116044626368,12.91953305640125,52.425162401511486,-90.88067752182758,-95.21934277139606,-282.07742097934005,22.319719698457906,11.531440869239828,0.0
0.029638483439878335,0.010702977641157664,0.7910004212575015,0.9996542895772816,0.004525850101440482,0.008765036974168345,-0.024371953911041865,-0.12366463995160726,-0.011605748872365552,0.02455800337102269,0.4100831150486556,-0.4039730358701513,-0.2890770023487082,-0.40473378532467963,-0.03177223658189062,0.16306561803354727,0.7995464676313399,-0.3240682540883325,0.27323985297859554,0.5632975608493079,0.1499569817994462,-0.2804386562740392,-0.37461242421145785,-0.11810845735351785,0.15276595044332825,-0.7066590163292679,-0.43851101863983993,1.1633644385000035,4.495004212205713,-0.03545891818791186,0.3944984142589478,1.847289745435464,-1.348026699054967,-2.5854243721236476,-9.830074933033899,1.0387747297479202,-0.8846437754054934,6.553781437876466,1.4568093745259836,-9.546528276716836,-4.065916777107177,-16.389725892535193,-20.355125726834167,50.71920718463902,-49.56513463587277,-26.480299123140515,-40.326327151080505,20.547657401502747,-5.884392231384607,62.86635212973814,49.65181223730972,-60.10687383275808,-79.28000841442933,-52.73407869843102,16.551461451369757,0.0
0.04181821102279554,0.014185531687694255,0.7833665084058938,0.9997724326034,0.0005312058059840356,0.007826002549771813,-0.019838208355695067,-0.15261954267505307,-0.03532845030140912,0.017291128827451305,0.5448829779193912,-0.48137223404112184,-0.27877829861485437,-0.33743895550592773,-0.05489525509316032,0.11822316527734714,0.5211637638883934,-0.2703120044548283,0.2393562471876899,0.6419723606717832,0.19903820021783203,-0.49023944035779754,-0.3003872734559004,-0.06543879131490235,0.43097821818787085,-1.457133275661782,-1.6468102917847882,-0.5807487411338483,6.490612710332367,-4.025321586644887,0.49055895472505007,3.5172193607666107,-0.7104780880770467,-1.2525424797305154,-13.759404897348977,2.3028188499980944,-1.6392490365205319,2.830232065929612,3.142726368904367,-13.347086052456731,17.517007161692,7.690652751424647,-17.643840336643056,25.226205005097167,-41.76875999940195,27.95520446361533,-132.4796379075591,73.3659671672394,-8.544607443848477,-65.07424440769041,57.82546241274782,145.70652986148215,252.24680111066445,-94.27630765848532,26.20530972366562,0.0
0.05447462789832094,0.018726640793715343,0.7704185632614833,0.9998557493154158,-0.002364878169077242,0.008042867109630316,-0.014771601159365407,-0.2031900254384143,-0.07263088377722368,-0.012606273393039467,0.7505899743769912,-0.6310316727464362,-0.26972302863996944,-0.3096036284039184,-0.07103104090342399,0.09654314864289018,0.38984641205750636,-0.1660785754423389,0.26684048472301974,0.6539916255312757,0.2468996249600297,-0.6940078108830139,-0.3982993893073818,-0.028798079540622554,0.3007041017865927,-2.1763719565501107,-1.438290319632514,-1.1480007420707412,9.946162849402613,-6.964198580619035,0.34518927633232505,-0.29814322549427286,-0.5688235662306703,-0.9999288980087627,-0.5920097541849273,8.455910013936967,0.6076011614065915,5.191563501745153,1.9515371184215387,-0.22035559354459927,-17.457821232414094,-16.1019720662513,-27.954102661756647,108.0080562392441,75.18289700157865,68.16801460662187,-209.67229269534147,143.37886225737773,-10.423458735861228,-118.85092172633337,34.19170683868473,7.959028127982287,464.24864366500907,138.7875173333712,-90.25518767754018,0.0
0.06759331443041956,0.024122423002764543,0.7589366516835884,0.9998010835098685,-0.010953591705459769,0.009807841824475968,-0.013476590072820068,-0.238774381376034,-0.08747010650334322,-0.04095767252688306,0.9133496134811286,-0.8285118863075027,-0.2680376861652645,-0.34409086058729843,-0.06388451595601428,0.08323628372886357,0.47035014965220295,-0.14435248745257345,0.25082323135521617,0.6846927125159799,0.29175278236043334,-0.45305746954710724,-1.225068745515249,0.20979027217916285,0.06909217352322093,-1.1452940872880049,-0.0937513050168658,-1.4755845420683105,5.994316397883856,-9.312058441379973,-0.019581214459668733,-1.7708125191397963,0.8758256974697884,-0.620449293338883,5.1410932675441625,-2.7203354562211315,-1.3252849980424748,5.185383617512179,2.9010814897229675,12.717347777282294,-33.72273059498921,-3.111956653007206,3.5083308697076236,82.50655572719525,66.36857827929691,-1.1580203712541848,-248.99381549718225,156.40916927922802,-5.2895478758889185,73.03741760739555,26.454613582020873,-20.23537460611612,-68.24307785797572,-158.46427821340524,0.8834165496680413,0.0
0.08353225771013124,0.031605201091833256,0.7520474465350852,0.9996376141241308,-0.020470806386735915,0.009258337325203923,-0.014828004048588776,-0.2090027932215783,-0.08352705046295456,-0.05428483917905124,0.8733222282996081,-0.9156224555862235,-0.26768100036838144,-0.3618080490815379,-0.05292324900999987,0.07807260127340729,0.5602770711331932,-0.21390467045962092,0.22278310308730848,0.8581947287811104,0.43148052600742814,-0.28889723872070205,-0.8225175393156021,-0.1587501406308449,-0.11253131205113798,2.5428504771696514,0.3917317963869593,-0.30644173552119486,-5.49209011113432,-1.0607955300003953,0.032384976133862695,-0.24473081081144896,0.26095188612282183,-0.20630701124568387,3.7023026594218624,-3.5226906067151105,-1.1715689975170676,4.524104714010363,5.648779281115639,3.7220118442564853,6.820409274035462,-0.22377832216298552,16.98304502221997,40.97820606118543,19.0212799062223,21.455871609431473,-173.52901646608976,232.26007192320102,0.6905387805695494,59.02657431793071,-30.59370710848094,-8.906137799006613,-94.13483839908942,22.895650058974727,36.23362766832291,0.0
0.10233219776986699,0.04056296882660347,0.7468027225636392,0.9993727845589963,-0.02816780173474446,0.006670404812070785,-0.02039897369658703,-0.13351554841432586,-0.06664118970026817,-0.0468417740706788,0.6931965498068964,-0.8320477056163975,-0.2362965284466932,-0.37989505471396684,-0.05026538007716037,0.06763664253210322,0.6616903631593386,-0.27034926985656366,0.23960568722430267,1.0006715126280483,0.4707430794240397,-0.19722669569896042,-0.6199210018064916,-0.3066570732661792,-0.6741126352066075,2.653696379739907,0.7382535767135018,1.366004277596494,-4.408230644415635,7.20847519263635,3.0201766573771445,-0.9853148900119797,-0.18005960648673208,-0.8493190633592207,5.221670494699756,-1.7753665201480409,1.1882891597758167,9.144020536371427,3.4052875062180785,10.090610925878417,21.897870144317476,-13.837857655277709,-11.739686915681661,-87.1060643995416,-48.73737275902486,49.3159592132925,451.4342120016037,86.04744483435947,-15.024477194376884,35.243088964588416,-38.47428630865915,-16.831996597375856,-44.606779932556755,127.43488270494514,-8.164798709827116,0.0
0.12349856779198012,0.05156816011390361,0.7433640350496117,0.9990910633439662,-0.02999840079768084,0.004537633704123317,-0.029942494488149538,-0.0910821207672682,-0.10071085721915385,-0.06378470130570968,0.6424541591796081,-0.6204683404634748,-0.20577053018873698,-0.41854725417529437,-0.06295730468270176,0.05599281532214932,0.8000111809565911,-0.2955603947942059,0.28094388908232254,1.1267314452399306,0.5857232904244312,-0.15230720931522354,0.0157781355958546,-0.17792255288377984,-1.2271503346623356,2.2949365497321135,-2.528928236302464,-1.3438273705826906,-1.8045208259715229,8.60820390826596,1.7342624489195175,-2.033207421457319,-0.638966822586601,-0.28609829763718814,6.86624050656022,0.2734559216238603,0.8189744001546659,8.426259972692568,-0.8428480765301138,3.681537566856779,4.298646275290965,-1.9658431102084146,-19.750201555623132,30.193417001215938,122.2856788240129,248.04425585596937,165.5574118613761,-1189.6161761332976,455.55308313510994,40.1574430450095,48.489078080900256,32.77409182453585,-109.09135120760116,301.534544392448,-129.42102262376483,0.0
0.14791285512964403,0.06291558081207738,0.741573261074503,0.9986761769196576,-0.029739211968216668,0.002262147195840707,-0.0419088966057519,-0.034941077365321344,-0.13696867520389344,-0.07089407444583318,0.6119547482002503,-0.5764789315130139,-0.17185579557642197,-0.4554118696539342,-0.0677459773649878,0.0476269952122408,0.938761961800091,-0.2800756400267578,0.2841962853725886,1.2981748113320764,0.5541304726761991,-0.03330065724040568,0.023542754903849116,-0.18582838191552448,-1.1515749572814908,3.3158629265533985,-1.4167134097313576,-0.008510947224140048,-2.038725934683612,-0.15609981812790003,0.9000190573195476,-1.411705539838341,0.129853369469011,-0.4937293356625799,6.051049510559652,0.9035232789654596,-0.08947386219966313,8.099154893147523,-1.4501441219144842,5.867150511291443,-4.919225737277071,4.032468646122262,8.470152325118635,55.111389924591634,32.26403542604563,8.59925052680979,-91.20469937575442,-103.32044362505046,-109.06206267767058,57.31961042971089,45.65925915237567,-7.653882864097063,-146.2875424440813,-2.8429699820679675,-12.17658624343397,0.0
0.1753677516905431,0.07365921108434836,0.74140318615937,0.9981521967346748,-0.030809905591604306,4.7285145841681246e-05,-0.052373081208723006,0.040178203860797956,-0.15904589731313448,-0.07264374240395956,0.5574506173116374,-0.5849227594124276,-0.17666172362258153,-0.4719744898464908,-0.05381969260489805,0.03589485028952955,1.0270602998661278,-0.275227424156404,0.2804320610407397,1.4194714225089862,0.5230502147652921,-0.0025677410127236287,-0.2251816892494855,-0.1289707770331099,-0.9334059675858464,3.9431736527798047,-0.9047283476238055,-0.3242118195748929,-3.1795064509945457,-0.3528879744624238,-0.9718931971095558,-0.48489588939592765,1.1636158756578152,-0.7049955289030869,3.0887183246594363,0.054757719859924406,-0.19866605583250363,3.8741034520606448,-1.5265944207020996,-0.6179928383553097,-16.047218157728754,13.9621622651896,17.353207172947798,1.9142887123029237,17.65784662533505,-38.64404584820325,-32.696277454116625,21.87106493399172,-60.616907562209875,24.14109168778269,50.4291710172001,-16.73518136428602,-138.60725468569288,-8.38545401866074,2.383788454691578,0.0
0.20458293205838668,0.08398325713911471,0.7414208083368119,0.997602908980994,-0.03445342054352438,-0.0006270055365051184,-0.06000837166235621,0.10933069674869529,-0.17917805887125088,-0.10134033697010657,0.5134912736634846,-0.5752038907456118,-0.20225221970001178,-0.4740975045629646,-0.0211991739663969,0.020522957770251527,1.049591750391439,-0.26367047953586903,0.2753461926178501,1.48969540042407,0.5151069478022755,-0.010461831337547804,-0.45565411306040365,0.02157286274918151,-0.7055020566656263,3.1246795610298337,-1.3271595146145032,-3.1159141381748396,-1.5079087012145136,0.991202074752776,-1.3182392248137764,-0.01422363805842914,1.9851337616052096,-0.7831539576159549,0.028819475738317585,0.5505736281223649,-0.24222711090110183,2.7727868217630753,0.12440217874696126,-2.8728112518564193,-10.752175350687148,11.999134075899857,-4.598895562575035,-21.828902632868385,-69.52406091424481,-322.3568550391017,59.33290945268002,32.84646282712168,4.816123309917586,-8.676038358516102,41.80705828557181,2.9761596395451466,-83.18545512093092,-16.749125041217056,4.118896892733755,0.0
0.2351939623664194,0.09441662662689938,0.7407991880088469,0.996821929463668,-0.03965964076527342,6.116955756367768e-05,-0.0690879880513654,0.16550386019409288,-0.20801440069760105,-0.17903306391864843,0.49772919384069747,-0.5468328277102191,-0.24529596832253941,-0.47416474204060793,0.02767844551939315,0.004450180341801447,1.033779088880745,-0.24522006025420157,0.26801629889219664,1.5632984769851292,0.5347892963341264,-0.052831893426031576,-0.541179457083247,0.1226290283998378,-1.1175749764949878,2.528265304713449,-1.4202102485261672,-3.563107438311839,-0.34193381243772103,1.825324326441775,-2.2932702116282386,-0.11079617924502619,2.685734343910858,-0.8561683073337463,-1.111558646335902,0.8367230570135422,-0.3381498951647174,3.613458019933668,2.075992870793262,-2.754481082691193,1.8414367840395371,7.049261882337365,-25.60685153663678,-33.69021785459294,8.131832140503638,96.8650752899713,40.53314070195506,48.229251788166025,8.187506281891476,-19.65206771176355,15.221602958749209,-10.064324841466748,-11.463868643212887,-21.24557484012206,6.77302909183857,0.0
0.26735185107294324,0.10583713802088976,0.7393692840206796,0.9956311084959661,-0.04432206209084685,0.0017111359145542062,-0.08216643244654043,0.20680103370390798,-0.24072382984888105,-0.24162931412165836,0.5050048439740318,-0.4958512343796385,-0.28393430346258763,-0.4762267215678799,0.07912126181202508,-0.01305506792630644,1.0134247322174466,-0.23995184276284992,0.23668368308883633,1.6474777189359375,0.6072455873732157,-0.084678811455055,-0.42214256687384405,0.23497670366189052,-1.4942072248887035,1.7485384999311344,-1.7964631264953628,-2.3103637513698168,0.6876789511960687,3.353582046533639,-0.5695775951771551,-0.10984028461680574,2.3702628449682646,-0.8341236552278103,-0.7075893753439564,0.3674355380480628,-1.3478831295195086,4.610971312702447,3.1739896309946927,-1.6909213644202923,4.28250823730681,5.015482631919942,-21.59452446762603,-31.684826962957526,-2.2795372220970185,128.13185019996672,21.877991042996698,76.45903670900057,98.10263768753917,17.225224006617562,-2.5372684635608627,-12.786793901626636,-112.68546936076633,242.52138319375993,187.50091821871177,0.0
0.3005186501596884,0.11905025471920426,0.737693634410508,0.9941510275856724,-0.04881174584632018,0.006589837727599892,-0.09611306808395377,0.21505760612575398,-0.2792465254094593,-0.270343334813136,0.5520305267056711,-0.4155876025619153,-0.28958620414285063,-0.4733113763437258,0.1097796081974873,-0.03021442318779531,1.0053030208431208,-0.25554041131594557,0.18256323790356468,1.6801071528385134,0.6936350288312378,-0.08447346125628843,-0.5816624993876229,0.6786028147187727,-1.365787740391339,-0.2686980177665547,-1.8375472680490852,-0.5146725076011864,2.931935786061107,4.586074551181046,-0.15668729165102796,0.5292737119641895,1.146298068220676,-0.7766921101302888,-1.3343463682102632,0.8299031163494641,-1.3530720087240693,3.4666334384024817,1.6532554893636375,-1.2017391871912209,-12.879093762761613,13.230877452744512,-2.879562987315201,-43.394532534544304,22.91232143407969,100.17352275236834,12.968736965072809,57.66763873946252,7.895763273677261,73.73236844856054,12.388186727022902,-6.793358660938352,-378.41260387028603,636.8548298185235,436.3517460198573,0.0
0.3336626626672031,0.13402445038943653,0.7355309414328579,0.992562402656787,-0.05507185602382626,0.017491572552618028,-0.10714948621395556,0.16958007168359643,-0.3099142266803172,-0.24523039049080886,0.671536531015916,-0.28163381499460305,-0.2977165458461053,-0.4590995992500204,0.11262239470026755,-0.04077160593748624,0.9926383581243685,-0.26949757879020025,0.11884714782868996,1.6646384358168647,0.7726398196249431,-0.12646006536065257,-0.9214827076672697,1.276058862930453,-0.9472935909678709,-2.926647981410041,-1.0641659503034389,2.0372979789686068,6.410560201630137,8.10531715995255,-0.45478479534386756,1.0660121234633253,-0.22775204927226267,-0.26309651439261594,-0.7563672533504795,-1.3495810218040798,-2.583510028140802,2.427493800968722,1.2636309794680554,-1.8548026363474155,-24.94639853565133,14.260650129132356,3.4098434751541937,-11.087155314874622,60.96405073181558,30.527737595568542,-78.26973250407622,49.08530402784696,4.1185617327104636,46.890692603108036,-7.3377754925482375,21.83281273074693,-52.25444003875998,-68.52656425740473,115.00321867627689,0.0
0.365501096893617,0.1502625244215189,0.7327361393924892,0.991874255476786,-0.06127337658634062,0.03590511082150133,-0.1055549982756663,0.04613154601890069,-0.30533153608349684,-0.15818611215017842,0.9437788731707594,-0.413304809330583,-0.2980669650421512,-0.4317392346421274,0.11119145911286847,-0.020965717495530244,0.9552375982538507,-0.3043632372088298,0.008123077859102462,1.6048412236149037,0.8550864126282076,-0.13214354677722914,-0.6189052548027506,1.8612232432163756,0.8196135195341454,-6.7513955548824205,0.8473099197835239,4.512571206377618,14.076307298763487,-8.40196685342566,0.1327025140577759,1.9025026933463702,-0.24683146709692746,2.0079285106561544,-2.5703915497978773,-3.2180284692846355,-2.8408049410012106,5.437149148586509,5.6469009531465755,2.0537381552224105,30.46833832137094,-2.861607985472101,38.675373127793904,44.54248831304128,33.830510667678595,-69.18099837707975,-222.33611390080233,118.35986492665155,5.610703790958064,66.70973809413188,-51.2155109154696,84.01443914209955,-59.65719148918394,-224.9388801974401,531.7205321573847,0.0
0.39576701152404764,0.16680424955658188,0.7318444092723748,0.9928636508981872,-0.06595771499707508,0.06213924754147149,-0.07752460559375197,-0.14317404680770013,-0.23758993834863598,-0.09256131829773573,1.2814831700571392,-0.6607229917539753,-0.28718698587689445,-0.40551384976675986,0.07818649373866862,-0.025296513905753954,0.90281230498017,-0.34933975496398634,0.008302080876753838,1.4836883248676134,0.8082641330943868,0.03463652760694607,-0.9166178905520509,2.6617272625508885,4.185835621657572,-10.766618253273197,5.067509286020464,1.828722383419007,15.765536470054387,-11.345193056541897,0.6179561203210954,0.9851406368851997,-2.2395340972837143,-0.9893756463270875,-2.695304460847947,-1.008717975883815,1.872528304458898,-0.5630470863331822,-1.8479417505338518,8.771903606642216,-0.4024258766835236,23.873301152857202,105.96688672550556,-106.31248909796162,152.4943600110058,-177.19209600383198,-311.774167397558,226.77043826998244,-5.196051364844761,-31.19452089994843,-23.53650627061115,-1.3685420849117982,-4.8839575782202385,176.01586208404757,219.17898874796327,0.0
0.42782821984681707,0.18295329072606406,0.7343241455501978,0.9929971310078558,-0.07059749207929003,0.08779786484460259,-0.03555596786772638,-0.34114419063957535,-0.1283725652098121,-0.09015758683268153,1.461182994146445,-0.8162465224435186,-0.2767913955938097,-0.3779966497954648,0.047131197513555954,-0.02111848599044082,0.8560977157615403,-0.33493273599628853,0.06803489960570307,1.708387263417402,0.8121631384077576,0.18379257589640918,-0.9334424164950621,1.8143574268452483,4.415495345015544,-9.310495951022332,5.633143781393741,-0.9408159531018874,4.138520568686086,-6.138214839351882,0.4204770140451153,1.7540979260958331,-1.1018644853359125,0.8690313248557393,-1.901598722748788,1.9197906900099682,2.687396373675024,12.396784427970418,0.967688485312434,5.27898575469924,-1.2084016746728012,-53.30321935405359,12.84655529310285,59.01002797983012,7.169581554995184,-90.1544743150717,-473.5484788823201,131.28871642952797,-11.265334200509407,49.95515054430468,42.18164399490055,57.015630120756896,48.214529590002236,138.37029746044624,-30.89662240562075,0.0
0.46476025204040344,0.20048508821469338,0.7376985657382734,0.9921588688178075,-0.0725817987495482,0.10150773564757125,0.006988642225189832,-0.5053601715834478,-0.033636050257914496,-0.10961050324235977,1.4451349104433715,-0.9045563136328396,-0.2714820035129967,-0.3487259776825699,0.025938153137141505,0.017935121825478656,0.8714092835721703,-0.2216727533163254,0.1381615377927694,1.9761922197620283,0.9319796522174506,0.1275482948342897,-0.40036232862195087,0.31374964829413604,4.433618675088488,-7.264253252860046,3.817494878209267,-0.9285995989218104,-3.5870934750312076,-1.7860670144751283,0.17878040176830776,1.9932595765015513,-1.3731639192035285,2.388783099337246,2.301327424115549,11.899430087301814,2.5271737332825013,15.357082626540869,5.9642653302999555,-5.306923950895941,19.08309114676862,-90.15154484175623,24.867964534264065,108.89845764013906,-101.40876091528774,10.544794763183026,-207.39129701578352,292.59485037124534,-7.009609437051525,91.28482071758292,-41.81145763528832,-11.62641807460708,205.97358556665773,-1081.7570254471852,71.71257052006914,0.0
0.5073187565592242,0.22095735359568672,0.7384446659743219,0.9913769712059416,-0.06867457890943514,0.0999433584238632,0.04966717508681187,-0.6067732838212198,0.014040649810415641,-0.1095117087987691,1.304908905388961,-0.8937126132696327,-0.26315566254128225,-0.2963135566769135,-0.011873161501578647,0.058160888050877435,0.9472499011551523,0.019552235765655006,0.21035757413501507,2.252161641916338,1.090595519238503,-0.07376320537776768,0.17423006337660776,-1.1324823991569184,4.3392846225595045,-3.5037537370772744,1.1262860169376498,0.5274027078239139,-8.017406174067256,0.9674641008795103,0.4334636530870184,3.8127239010861276,-2.3164277284856025,1.54687375498922,4.127823056975412,17.40353071290903,3.2852130394781343,13.42166602124257,6.729876272843692,-14.830010957269357,21.789420127152532,-73.86756470999089,20.18057757723104,148.33528033052906,-140.66729340623502,36.97934989949788,20.25310733611183,-9.890466225188185,-4.512257612722839,169.98551495575484,-35.55822086742279,-53.16501394315535,6.419422359076497,195.8981149955185,-74.77188092539126,0.0
0.5541492304399283,0.2414662980508107,0.7354210213229667,0.9904480343003597,-0.06736250688808859,0.08783293350142228,0.08222140724190992,-0.6097399442360428,0.0626945093776189,-0.07637387714378599,1.0261743172580513,-0.6476640993702444,-0.25301496516774263,-0.2457153056432114,-0.007939969484540892,0.08259065000684289,1.124808694840573,0.10317628017441573,0.2838376267414662,2.4185777416435927,0.9679145735935267,-0.22844177225421744,-0.801608193770271,-1.63041106082939,2.4580005302235883,1.9220141532403783,3.199065783431409,1.9266178665491913,-15.691790256791938,13.312579277544131,0.52642918414694,2.051893809188055,2.1467615608053876,0.4313519564292032,10.001431108104944,1.1672248905242835,1.927113531432616,8.495361431782028,-6.31309911091143,-9.964144790038436,-68.10158550976573,-21.108192772862377,-59.30813800774858,160.08232440216452,51.06597861399445,-27.958698847094116,42.2231569096748,-199.42158726108332,-3.859138693622167,-22.7493428086745,207.11654604749907,-116.33109809920052,-35.41070239766157,-63.61087921923058,-284.6179863604939,0.0
0.603163514739738,0.2624192534542468,0.7297011616309513,0.9894825981362324,-0.07138043929176695,0.07233194347118684,0.10294226938321958,-0.5719350470145955,0.07117883779551115,-0.07797604504837718,0.9550247518223902,-0.444343372836066,-0.21135321310367283,-0.21584087476807046,0.031147310048815244,0.06562204447741737,1.2778640747005323,-0.047342299377202274,0.28989889190427925,2.472525150831192,1.111109859083666,-0.2553592083662,-0.5272943257701572,-1.552067706497889,1.4573728134070538,2.3976059063834603,-1.4506427594445184,-1.405938195918745,3.7716590275796698,0.4525852942099451,3.16352905181317,0.8535253311896064,1.836199754970635,-1.4096896137525279,5.078920879301062,-8.426548687044786,-0.3073670113800054,2.833224738807522,6.007078131177773,7.072980419089793,24.231424962984832,11.032291174164328,-62.05632900927718,131.35741664354282,-136.51577653675304,-131.6283314737539,275.2526797114205,-695.3252600723227,-4.002866725088193,-85.65007708042337,4.080993304282095,-21.870577673675655,-290.69125681658767,103.90855172640079,-28.18358400465889,0.0
0.6530468677339972,0.2853242978035251,0.7258921680297532,0.9899092741955113,-0.07366297993822216,0.058186628047573824,0.10614947274853188,-0.4887125954146832,0.04428661737843317,-0.11396183758491842,1.0291605345897303,-0.538421588703417,-0.2643919148320013,-0.23054046121722802,0.07453299657404538,0.04417573178031153,1.3486467895345104,-0.18242699452478667,0.2809235586019668,2.5175429335204353,1.1769435741015815,-0.144280303480736,-0.27860896419559444,-1.3068504432074783,-0.8757787023858458,5.751267189705788,-1.2103453467916487,-1.7841872038096307,2.327095619185836,-6.613622976459899,-3.7710352579309214,-1.9854958865719343,2.3981470195409402,-0.7889314809801291,2.2698323523387893,-5.517289549816609,-0.44211526701511816,2.555057070896036,3.381695662691691,3.8454701024323996,12.258287893649552,11.15323377688678,-120.29828282559015,166.9471108602815,18.50315055231583,18.0289269602096,-201.25031092952995,-78.48720844713817,0.4173309261059437,-140.2694299628532,24.53705230140011,27.008321829197378,-134.36174695080598,122.83929767865794,6.739421184751696,0.0
0.703043257155684,0.309017535087392,0.722430227805392,0.9922672320318273,-0.07666920201195541,0.046555302787354376,0.08579147673938543,-0.35202640976837934,0.0031171608172749967,-0.18095864857420157,1.045856124338023,-0.6604564186189168,-0.2898685365424953,-0.3212208224444256,0.13153617418265456,0.025788280751368516,1.4226148848178186,-0.25954946350234664,0.2755979258811228,2.4905772644404562,1.1824577034173003,-0.20735975737264467,-0.3569172919095076,-0.6959364702702298,-3.1229693819016857,7.445205522496311,-2.3793198072052872,-4.027955654339996,-0.21197188386471477,-5.418748170569619,-0.2288414444797895,-6.432047533679724,3.3099883356943467,-1.2155851825255097,4.001585611264274,-2.795409621241479,-0.16960961602722066,-0.8531959800150193,-0.8523328566694772,-4.962686846512416,-10.926577454661174,34.51793481892979,-102.77640989243075,40.836235511295754,-10.856010186500587,-29.238055974885157,-93.39643171446588,95.40751028064173,59.889723976491794,-198.9897939195137,57.6211010895494,-49.369628486232614,-30.94286085795627,96.22169679847948,7.75560651621088,0.0
0.7519365804655626,0.3320016502921181,0.7160150262450078,0.9945845920828993,-0.08359394351812979,0.04184680576524963,0.0454135073037478,-0.2111466415348818,-0.04799269604014096,-0.2670631715519261,1.0398886279631272,-0.7447536748335801,-0.2909770140214984,-0.5085629501707741,0.2172263389819164,-0.014159438310799249,1.5282910463949577,-0.2937101869724449,0.2734122651591456,2.431122648175785,1.126591766748599,-0.4157874377950315,-0.6740739120213907,0.2660205355310067,-4.717440425936993,6.7209730488631365,-2.544258270446322,-4.072410470344572,-0.3208549461776258,-3.257162511350277,0.013950787066164002,-11.277737478895535,5.002444825074327,-2.887580564212999,5.025266588035522,-1.0682493296566595,-0.07176231693859354,1.2313668636069433,-1.9596427357681234,-10.742095944454807,-15.7464582233616,27.49495940242884,-52.40142578110172,-27.30784710829541,10.002740669712647,58.595571250458725,0.260600887906278,101.90899339683959,3.6051982607732116,-160.4375397154502,69.5619853416719,-114.41708603128404,-126.91704850363345,47.96369224514794,3.3667042702540146,0.0
0.8013192840826852,0.3553083508006465,0.7056633540980589,0.9950149113006072,-0.09043685154304001,0.04180058068259805,-0.0043833351486754985,-0.09023456792745037,-0.09678428336660903,-0.30562954349566823,1.0360976228637715,-0.7635273059866164,-0.29266036519494565,-0.7476952773037674,0.31637744135895246,-0.08061609662623663,1.570105891989991,-0.2736662577864475,0.27144503764049893,2.5195743682365226,1.1995843538228812,-0.6106729496548485,-0.2976958425054384,0.47678170790637525,-5.034267618528708,5.657605818022235,-2.392274554324923,-0.2990991298223067,-0.40754546792085095,5.357454978143535,-0.15247595908826497,-12.189342553674685,4.758423089326982,-3.6090633929431166,-0.036088112356608026,1.207235447252265,-0.09458833123843664,7.2658996491991745,2.39824906433526,-13.92294253109506,9.80687068097223,-7.437371325886499,7.811550326187139,7.877476638900562,51.329210856711406,176.50694863895674,-183.21538770714818,2785.6728391705365,-21.46720418838613,-5.04514730959905,-20.445974813151437,-29.446245885998508,-199.38654868556608,-32.171915912481246,1.6936891403551213,0.0
0.8517736787259517,0.38290772093443454,0.693536847127741,0.9937289657877315,-0.08549609201075883,0.047360413981374506,-0.05431530164554943,-0.023979829649238945,-0.16605042893917143,-0.25123069154262384,1.0500042996432626,-0.6653078576428555,-0.3002902793674988,-0.9571286796898192,0.3914876207962431,-0.09844488666546686,1.3978431594308363,-0.18661026529982017,0.2353207441126787,2.5351072659654115,1.5395657946422585,-0.6321700559326721,1.567038624652254,1.4294623274335967,-4.693817571472309,1.6568152757928203,-4.650472226564013,4.459501468900016,1.1857954743362853,5.977381946362971,-0.44028361896088825,-8.978374717382822,2.67649356916842,1.2291666160524044,-12.985781631913719,4.016703108160046,-1.9527846007212797,2.6796900491535807,18.327168668152773,-5.47740041978183,103.97636230960804,38.55809244396829,32.10784451902635,-156.61801616072628,-151.9347042539392,128.86482611374615,12.593869979291645,185.2508924375558,0.22831101903037554,165.88987478953177,-140.5442250913771,210.84034680612862,-278.64231174514686,-134.7271172504893,21.22467815190912,0.0
0.9027208886746455,0.41718892548735403,0.6795973708732688,0.992368599413443,-0.061859807158238106,0.05814742693257371,-0.08942485055994406,-0.04535713349959304,-0.27544038051347,-0.11664522262806408,1.1223829824454656,-0.5887375699362961,-0.3100020899321767,-1.0621313608316836,0.3901275022360871,-0.03983489587006089,1.0723496472471148,0.016867623251126698,0.09215085008553403,2.5898600142250143,1.8513884500236581,-0.7677078519726501,3.2098503141001995,1.448722241220416,-2.1390947564324008,-2.4816239112035583,-6.443851686914386,7.555940834433107,4.209420352090551,2.9007462648829097,-0.44683255157683294,-2.723747416387848,-2.1891792132989494,4.278934150571972,-16.162724807201528,9.54836502047276,-7.036692320772441,7.223730907820958,13.850612393864287,-9.092705393244213,84.69969079611037,-22.290349435026563,126.58820127436854,-96.40976373952675,-122.87560830765594,19.106163627366232,-29.850607363432037,-70.11704244201117,7.897267568269133,219.86067895610563,-216.27173951473148,136.65961111908692,209.51279801512518,-252.30841271241474,132.12438134173527,0.0
0.9542927138871771,0.4530156790265942,0.664721125326254,0.9934526544974049,-0.03203548238920425,0.07085756001161482,-0.08369442830529986,-0.12159717913857049,-0.36211926973232716,-0.004764051665438017,1.2263256052456655,-0.780798041050657,-0.3008979915088953,-1.0783128118785459,0.2879667778728406,0.04902601178714244,0.750813718071539,0.4719319123831705,0.05443489268043482,2.5377292983290363,1.7100157506835694,-0.6913363686210384,2.3426120699402433,1.5985042061648356,2.657082121918167,-4.679831893501816,-2.3117624186862846,4.191882201918368,5.052086920629523,-11.23907118758701,0.7108036108800571,-1.823805840378982,-6.069164043672185,3.8093024462943132,-5.318708077323952,10.35704253774383,-1.6545451214355444,-21.087078456011096,-18.574957577088234,20.21144657409958,-117.30928113556801,68.09046531661248,80.11258593725843,-186.70154740533425,384.0459086687301,-66.87568741401385,-41.76718859298791,120.96604726602914,2.771199959631006,-561.098571727686,222.8140689467306,-194.6979951865862,2724.65436717796,-3390.6845296059673,738.1340629801157,0.0
1.0006383912246324,0.4851958644095701,0.6539076702738007,0.9936840310235974,-0.012645319815335317,0.09568974335885042,-0.05723299215818983,-0.27121546834588534,-0.36829458974323626,0.05479179679042722,1.3025334761678344,-0.8153990274855134,-0.29956571958101436,-1.1996914265719267,0.20912709082456812,0.12016200542737793,0.9216483574981226,0.42588837885711717,0.09132676575928231,2.1441076101469707,1.527582392095862,-0.38579082365388706,0.7674366248083709,3.332296750007653,2.8715832579165115,-9.526937575172878,1.3082177473182675,1.6849482799395512,2.3606306578521377,0.6842259812506675,-0.16912821983961718,-7.764889936798855,-2.716275098757061,3.288055570483004,11.999602482076108,-3.2325741714071072,2.9875664929921975,-16.576965926109505,-8.96249912907214,17.638119371558844,-89.3877134156819,75.57540711033404,1.6192121819498926,-186.39633352281115,165.7271661516773,-170.0098030668471,-200.14901155156377,62.860952905583034,-10.174331267106387,-76.65818892708084,94.15507236161804,-49.314845289965206,-16.43414239517867,343.66184671341625,51.71512721141673,0.0
1.0408939532452046,0.5138894398050537,0.6480978817162566,0.9909885427034034,-0.00667953595695637,0.13274163818738424,-0.016635790372364748,-0.49500711994179714,-0.312567525809297,0.06494712909513069,1.365924912982772,-0.910613453648266,-0.29214556548795606,-1.355168787443506,0.1258785695149838,0.15078436641196458,1.1435401105577516,0.4163504829385325,0.15298254721180365,1.9495567059288925,1.3593172013224262,-0.21420483505415727,-0.6456033186601517,3.8075379981133923,4.910478170169048,-11.978110890072994,3.7485533440153276,-0.4627722572069972,2.5199061086234966,-2.60954027247903,0.513332219139732,-7.283207229976516,-5.059929394788538,0.6246069173953492,9.68274534730276,2.123371725036944,2.980177491063072,-3.4106998210152826,-8.318600786509752,7.702935683351646,-68.84890651013691,-4.816796056541192,68.56313509966932,-40.428147254950005,88.51345900863693,-102.49483859570013,-145.86401889148962,393.3953594479113,0.28467495967818923,87.22797712266187,-74.15370246574115,-63.96275908966804,-179.1092245933939,274.6972401313037,-17.7534335991165,0.0
1.081019236784147,0.5401146842904767,0.6451908691304431,0.9856198022601498,-0.01138427928886132,0.16370042393930587,0.040325857459296385,-0.7159299149065159,-0.2364044855104122,0.029223863506729487,1.3984271739218022,-0.9030332596189744,-0.22624589889602373,-1.4541143132309962,-0.01286566106255291,0.13384093667374522,1.3019253185500894,0.44027441773279646,0.1546988651983304,2.0763832109088147,1.2888189776699468,-0.09542965887711236,-1.779896890078422,2.4218398292798127,5.856221996895284,-9.99996503896648,3.843950122461122,-2.551830975140567,0.7260814110099046,0.9735070858385493,3.325396663226656,-2.9721730264891715,-7.931932967776491,-1.4289127435059596,6.486782648719939,1.2562882746931123,0.1638141961159827,9.645253237887443,-1.1232552814301997,5.04330786539006,-50.34116861583432,-84.47012729601686,7.4197124737436075,135.4352333787886,6.809683598597914,-57.64712597380903,-96.86653434457901,-5.12847632809601,-57.22916894519788,214.14337700304557,-71.37640511579971,-25.206694830307303,-102.31736145213652,-68.82584736113525,288.0145391325689,0.0
1.1244727385675635,0.5654339641074726,0.6452501902405322,0.9784763739699963,-0.02755346253744836,0.17950497557911604,0.0979936529937807,-0.8928850998926483,-0.1404347087533639,-0.026724469317708437,1.3926620901426265,-0.888917118882589,-0.1766736419481724,-1.4618813852903259,-0.15902685630006652,0.10518469371759938,1.4068700344727,0.42292475731801915,0.20554229741669788,2.263604693956858,1.2726721407819146,0.07989005201524935,-3.003502478971302,1.0151549804002487,4.983300906572184,-7.806310356769468,5.418202257137397,-2.9643332778983855,-0.9062460327547505,0.5178177967146944,1.9996929745436571,1.5646181256340188,-6.523626742380372,-1.633103707929689,4.50763514888429,-2.3013562589721923,2.0030724566862737,11.193200059119398,3.3291808643197043,8.280325207622482,-48.81780206793776,-82.42201527915137,-61.784642384579996,124.740538024852,49.711351478475216,-19.559210221125767,-46.697235966628,-18.106264056595734,-43.381414107762176,217.39192419457862,101.69252906914178,-24.449406165830787,-89.903483373832,-62.08765128954404,-44.08527668952015,0.0
1.1735106559173039,0.5920467220861195,0.6500955874152413,0.9724349265225988,-0.05243834714448548,0.17787182740514643,0.1413582202890795,-0.995775638855387,-0.011746495149447195,-0.03756002556066235,1.3989453884843797,-0.754296521613392,-0.13784350594043782,-1.3662240467676414,-0.2317791480947889,0.08704415566432626,1.4600899030781258,0.3651481787379546,0.2619231703748422,2.6016898106365836,1.406068460146589,0.4057131283006438,-3.3421853334195792,-0.6498065551059086,3.3393436673263994,-2.7828312177055903,6.085167337953864,0.8688782461229397,3.270088859619248,-3.7906355006333783,2.3893547578767014,7.461407454658426,-1.8046717159701908,-0.41740049280427033,0.9406121673410719,-2.957959551298023,2.654125550311098,14.827056552260657,8.14193671881638,22.118658646434675,-3.44959251005042,-69.31359983785418,-3.6207220568564935,280.57233012867266,-102.98263349808374,43.43639462238739,0.07493953286484611,-1268.6818575321413,0.04089675230823597,233.75349647306825,155.05137249400437,36.10898252311148,7.220361352957811,-525.284924040224,234.18580736476883,0.0
1.229687108217293,0.6222160637123287,0.662760220005073,0.969174451310842,-0.076001790482827,0.15904636635195418,0.17213036954579689,-0.9525003743862179,0.07168553308021192,-0.04940452891497465,1.3681938994164666,-0.6934632703694362,-0.29513083018435443,-1.1586537864983872,-0.18125437902150535,0.11500284251416966,1.4574049594814886,0.21955427000000552,0.28032878460891625,2.964160826690617,1.5992078322100687,0.7972916141191718,-2.9241308224153966,-2.2626558145299134,2.2438697599359765,5.702194220738774,2.4914913312285742,-0.6683727710285967,-0.49959559100491685,-0.7553492831686572,-5.371109123686949,12.471044356427537,5.1162698802430375,2.361381042409454,-2.285888092799398,-5.913113798899732,0.12876652543442152,16.558909147293537,10.718893479121727,15.629786476973637,29.533238836477544,-65.24515192335117,8.114557326931527,373.7393064617243,-222.52449988291949,-2.7936644996127105,5.167923569881454,-1.698743029438559,716.7745383461339,228.5093398953319,186.96065643030735,6.039529965523707,-387.72501762306206,527.8373612573264,-54.371571424822946,0.0
1.291730445852339,0.6576865850526357,0.6795666406163459,0.967786942888394,-0.08719845092944058,0.12882226673282218,0.1979638525692516,-0.7620753109656391,0.06829136769145515,-0.07989095404815519,1.3248569757609598,-0.7381700236033001,-0.32963154233232567,-0.904209709167889,-0.07574814943820701,0.15131141134127166,1.386096446905325,0.0446396203408479,0.27703371216068884,3.1961297377547524,1.9011047601000322,0.8328685282077865,-1.33492967874874,-3.330391019190651,1.8934256955918594,12.11202659787623,-1.9209316342993226,-2.45479999122086,-3.9931551950759077,-3.332892721561453,-0.18997231236720352,12.33068242324424,5.120623821307384,1.1342268747408726,-3.9505369291904677,-8.35862071736154,-0.2497265877851485,8.258091328590478,12.489699946220822,-4.826854197453921,72.80109854348697,-31.55840391283688,-37.85178687228553,227.88686417953267,-149.91598039234694,-102.42587321439709,-200.27243320794696,-70.8263129843192,87.74962819538106,-98.29697709252322,-35.8890639238202,-99.09476507949569,20.381923630779823,134.40821490529916,-1.1098993323711206,0.0
1.356325109546912,0.6979276402329783,0.6935045747586592,0.9692309869829306,-0.08472869027131216,0.09552448528140524,0.21044575459895945,-0.4888660744110693,0.00015514647078583056,-0.15792837755042258,1.2170971818466247,-0.7764211590152869,-0.32110295178114023,-0.706626383576439,0.017861649992091153,0.1501294152644629,1.347488414597456,-0.13057703988830344,0.27373932915265264,3.2309451493524035,2.075372792700513,0.5654268727475504,-0.0972786001335503,-3.2687536401607082,-0.086887510314478,14.277327265480949,-4.0189837601672185,-4.48634362890674,-6.184995793340539,2.6343529087805115,0.5796448801743874,7.59525340546391,4.3387757069592015,-1.207275674940113,-0.40820529105978953,-7.5997891250364615,-0.1115429340496007,-2.696774763932321,3.377745497431008,-14.693204827189701,41.06048802437001,36.09255256758983,-115.85619664972195,-41.20890470693381,-25.053099880219847,-57.64008113223278,46.2369820935197,-294.8878576360903,17.64458345556871,-276.28704366316623,-36.04472386270357,-138.40446547673477,149.25738711343843,172.96921732885974,4.78922910790413,0.0
1.41947634865884,0.7391644124981951,0.7012109031566762,0.9736562599151437,-0.07940490877718788,0.07017176916165055,0.20190163645415396,-0.2367659546224267,-0.08533587546979039,-0.2568698113446279,1.132373602465999,-0.6890477631852561,-0.30859863985191455,-0.620937384849445,0.09432198626315966,0.10228347796536189,1.3743246890400538,-0.28670736507509076,0.27172740490360475,3.079446111361127,2.0365617652041577,0.2507807629618213,0.19204360571977735,-1.79000716579067,-1.8956900341511727,10.841044381365139,-4.171523094252036,-4.302630467603801,-2.4045677642540952,6.994559121869517,0.5563151914311459,1.5320098699371398,3.51278603103242,-3.199009626631723,2.2400108061569677,-6.694876615837457,-0.08026076262944595,-10.184909871769682,-3.645508705487127,-12.91160971366611,9.904486229405464,95.79848335306362,-83.73275899153676,-242.02524991640402,19.488975181716427,137.9210686518289,229.81520820571117,-100.31717945248539,-8.265368765035989,-306.20505389865093,-28.4819815003248,-71.78845040004745,55.09110097339772,156.1511114128792,2.665588857915295,0.0
1.4787446410697545,0.7791094519779502,0.7031707340891841,0.9791576378814679,-0.07724218024414561,0.062087840646116166,0.1772824464334177,-0.06568077079838999,-0.17436277715391854,-0.32649497804599514,1.1142406991182316,-0.38566818703858846,-0.3067750700166333,-0.6535952377451587,0.16356264240369625,0.03190203992677439,1.4206771945522911,-0.35812771499219515,0.25671499344051724,2.880130292831492,1.9589675715812285,-0.033938831565511245,0.2199358093971499,0.1938700749003302,-3.022550914775281,6.9623061044851715,-4.160543883760455,-2.1830112465217084,-0.2980548560992651,21.002749330830465,-0.13992175161051518,-3.955536207130023,3.6441099527480922,-3.6396525864683498,2.029093216028654,-2.3890017319741337,-0.7190062646846446,-8.275363548244545,-4.753569769259842,-15.33183661901973,-10.555897930841134,91.85585169926247,-40.56028044357724,-154.72691513534286,67.18882523371197,169.48031709438453,39.8670806950237,222.46290244045392,-13.902962441105737,-235.32696259300448,33.92505011108635,-7.31118576604204,-63.01220052759028,73.63374930419612,18.75260799870026,0.0
1.5323817836214386,0.8193239117875204,0.7000066176661559,0.9838777619979309,-0.07425684726447597,0.0765220661689949,0.14357870130876424,-0.0008166116041772669,-0.26590803560834375,-0.29050684284759176,1.169221030095368,-0.12935717809333955,-0.32129261826793737,-0.7675916302229167,0.2218585735819172,-0.006543944876121652,1.363362909926972,-0.3442032545543719,0.18687983253758064,2.5492756280520736,2.069685043389958,-0.25915626212303894,1.2890188335684092,2.5778430122480698,-3.338777957255357,0.8173542075725087,-5.099856732797498,4.305342110634129,3.857592679794675,9.402788553930572,-0.8485343528163898,-6.883343872205321,2.219187593819398,-0.5596412276405748,-5.6640585217366155,1.0594194181268215,-3.5058501200888244,-11.924695332360143,7.736443310105286,-11.399043458154384,58.114405233374576,93.29716067773532,1.5490336569458076,-214.42665641842524,-72.08257468836153,204.77669131331456,24.104633360389766,-241.93375854802414,4.989446876327113,-108.3472366153094,-86.59929425105582,136.7398455933329,-217.12772734326637,-35.03251488301663,59.17635146748964,0.0
1.5839153499928789,0.8615525106601964,0.6939843761605942,0.9847336537060544,-0.06431580615115098,0.10095792941571113,0.1263748583617203,-0.017748433454102742,-0.33378768860205704,-0.16326439953838048,1.3132643522812537,-0.2525830107379853,-0.3228672217624866,-0.8524455118480294,0.22073541067057026,0.004990563573467129,1.254642211185633,-0.17113066837285956,-0.01565327390817704,2.636911902989008,2.14639687654082,-0.30315300931329814,1.5830389980897728,2.112150486938979,0.06023106710939652,-1.2828837877263566,-2.1909706759351866,6.924622807650384,7.76874046744174,-8.478796898731888,0.19452689621612454,-2.362694612818612,-1.6165638488715734,1.560611510096018,1.5234646291324259,4.2210248840510625,-8.030838701052794,8.944409011109615,1.174772209334453,5.83869080318432,-4.98379498563173,-31.734636981273134,157.55495128820212,-0.05874372590067131,151.43133895601048,-18.498740633968303,-50.91530461096464,98.97267263863425,11.103252023961204,204.3393797010686,-105.23824096675268,125.72651478178959,860.322959272572,-714.6129579512694,606.1547806133794,0.0
1.6354230389835882,0.9012374673192655,0.6929000349790496,0.9765391876313191,-0.05514635877628734,0.13343767450810295,0.15976382931048702,-0.10586872489954083,-0.2662847542540981,-0.023519800788512416,1.5257465932533942,-0.6223844478003276,-0.3070279492883469,-0.9067066661813136,0.10776008638551776,-0.021365125340612266,1.3583259261467362,-0.08416072891592605,-0.06034286188763941,2.5557630446342032,1.8725390060841085,0.16652334897468565,0.4670966321842947,3.5906104185555905,6.522226496370149,-6.567015775759259,6.80375526837699,5.4501499158768585,11.018164987758313,-17.96706665116206,0.8935472688979915,-2.5275348117302894,-9.041541977144684,-3.784207333012743,5.553275923222742,5.017807070467025,-0.49366069860850526,0.35000429372936526,-10.83675966234555,23.937976264388343,-39.146790167559274,62.00573251508148,303.6190278690214,-233.8027537719187,282.3134727906474,-275.74854368735623,-80.42375539765503,331.5439313857181,-8.219204697561793,48.99529549071697,-394.6393968497385,-284.3348627188088,-82.05892244034234,132.2858753811189,25.578792107590434,0.0
1.6871887403589605,0.9381858734381779,0.6996013143909268,0.9542427986192974,-0.04413029757876098,0.17726153836722944,0.23675207524856942,-0.27973750622743404,-0.1575725490578513,-0.0030031828799805538,1.6588389895028213,-0.854365935381014,-0.29189854828816636,-0.9635697282315074,-0.0941877206054802,-0.0833961792092062,1.4563765163731233,0.11643087417028068,-0.039871216552457546,2.627919254526915,1.8149968190729089,0.44451419736337894,0.6829043797060108,4.260667230116954,9.637528146240339,-10.710201077944838,4.317717424047264,-1.8064315962949733,3.1583828452032203,-8.78859803872608,0.615930735334669,-2.903012957385767,-10.892826626231884,-2.6379346860965383,3.7907994418515236,14.296562365020073,1.7602113509464954,5.695274778248898,-4.738291193067071,9.020286498265232,1.9361082370526892,26.247117891724344,143.06625704569265,-238.9431949501556,-119.038105917558,-237.724788289221,-376.9959302991347,214.9318323450558,-16.034781923238054,13.90080083028204,-76.1605375245847,46.04361649624972,-166.89089739120863,473.9498593821638,61.515623173949315,0.0
1.7440451066717244,0.9758687272216383,0.7101258683583437,0.9224620934048321,-0.029601040500748778,0.2162456575111117,0.31847335876025035,-0.4720903322911181,-0.0916871778593422,-0.020607199563860302,1.553645019629481,-0.9396163632469113,-0.2841780281831897,-0.9653500761922285,-0.23588804506272457,-0.054067013412549554,1.433150401126424,0.5562266729590299,0.11407275352208048,3.015121001612855,1.9362022032295534,0.5275308400677647,0.6199310485794325,2.9305496725174383,8.939126034994366,-8.64902783010029,2.428829608815445,-0.17602716078820885,-9.699168500732261,-0.6346378431033897,0.26052681419758095,3.110118690902003,-4.3900138647566145,4.393915442403617,-5.372674035871177,25.830912545655664,6.486493499354731,19.10826150522149,5.189923194316187,-5.702148306282554,-20.0403106499068,-82.59620361789685,29.054025632422753,116.12914447155619,-98.13368844309774,65.9863027427217,-289.8944932047325,219.58217847857694,-9.97695400577159,386.12632256135214,265.74445020491487,259.26551983155576,-312.845557442831,-250.48720200553115,-197.114342498555,0.0
1.8118483374108552,1.0171418531103613,0.7195852166014645,0.8938531683650643,-0.01686326857153828,0.2293745945121879,0.38487587475599183,-0.5357919450769205,-0.019241144988109644,0.050299201746445185,1.2058806538202522,-0.9263360893604975,-0.2804015229392475,-0.8062898821888793,-0.19442631690543608,0.05294422201440258,1.3116420178889232,0.7018024692216551,0.2926975453741889,3.640130746469459,2.1449691545228298,0.3550030476593452,-0.5245414299436839,0.06885252406464995,6.849600580102364,0.12604993178654567,3.9146613478644654,5.579764651500874,-19.664830930130954,1.054515182181816,0.14041236513367822,11.1726141508921,6.272321797171846,5.396651502263562,-6.3623752187570295,-0.3376079635485497,5.751085830073178,22.803242465502432,7.902387019042481,-19.59709415447637,-65.41045414853187,-114.83218882356154,8.461847788813966,257.470553525778,-43.27524486293518,132.21506316354993,59.87735450152313,6.4156597930739245,-4.6691908284291515,288.6976813808706,374.68999407935155,-20.36708730362434,-54.967127118971206,-419.8863173996349,-769.5932503833862,0.0
1.8894458178768345,1.0626421335410843,0.7222010463409636,0.867833156673321,-0.007539655131124762,0.21559275243014295,0.4475807534719509,-0.4700880555225151,0.08519094377058575,0.22972592876866002,0.840996234202168,-0.6823509979319431,-0.21263383819535006,-0.538679332851968,-0.02330513419059419,0.13207770258966725,1.1736632908401077,0.6593349308624207,0.32210728183424747,3.9993026194375845,2.379137955467508,-0.09815488407843875,-1.602568162509358,-1.8046153514689258,7.306003213674896,4.4527043057273,4.74494290995748,9.533558838948695,-14.456635232807248,12.92667319697986,3.4072831044740726,14.219069843096571,9.200827317599192,2.1612563301654384,-6.530858860669753,-2.506739063094332,-0.1835606096585961,6.896148121185766,8.871937952493099,-24.567333051535297,-36.205175312911585,-45.041196352902276,73.86326313575603,-5.7761912496830226,-145.58046905158113,-147.81206722437148,562.1260760322338,-227.41555449615845,-69.56944986284078,0.4905403227893901,-10.145991672975812,-380.7705207002653,-353.822127103256,-38.711282217063264,-87.51838188787562,0.0
1.9689528652674708,1.1119349940400187,0.7145680293352057,0.837260130205941,0.0038786897729677396,0.19010322835757862,0.5126804001531594,-0.41205204951281865,0.12894573436614715,0.2681110498054473,0.7336593005244002,-0.3051203454124466,-0.23552425513819752,-0.28679095977115826,0.1774250825125654,0.1844786445281519,1.0582137143340453,0.4874075131091383,0.30584150209738636,3.949160177984325,2.53535489927617,-0.5688657752844988,-1.4368186696008327,-2.2933483100818837,7.045483242694882,2.187024137660751,0.9932073155078922,-3.483299409212492,0.8410264200474216,14.553031837248641,-1.899269846484288,11.061224847707688,9.848322018377157,2.137464084350772,-5.594499051675937,-10.072831990245936,-0.9461199300530565,1.4445287548891814,6.19660985178083,-15.209189804173137,17.272373787147725,-12.983886730141936,-47.22322833474948,-4.79550877085517,123.52789644299945,-488.64230178237057,1044.597104379363,-2078.7703786128245,-109.04167452063759,-182.71681965828148,-48.354446830409636,-100.99808095229916,-134.83512474392782,-287.30238918571825,2.311240271791034,0.0
2.0463504341994154,1.165079342703514,0.7025600826140264,0.8091908669985786,0.02204331717643268,0.16697210942800025,0.562889463045021,-0.3379692612410024,0.1341759554665944,0.12262494892923528,0.7953553483866183,-0.17360500089248593,-0.2532431436746664,-0.10510738084550163,0.30855768707658915,0.19510386870030533,0.9233537666833163,0.16097240874209026,0.28834361700205674,3.7884817237289865,2.7354526766194036,-0.5950965749292674,0.10749706974310647,-2.276573878903829,4.803149170126855,5.335433696580151,-0.06178572767322609,-7.697775640282189,1.959460378882765,3.9321302472075077,-1.0839306722043187,7.207842599511385,3.763661691230861,-0.7194090713374521,-6.709556212023606,-15.851636458538431,-0.7326888852870885,-9.12587464221871,6.633972523060125,1.6227776039169546,77.29604707555899,9.754998686427122,-157.30259177123529,197.00783909993143,4.7775830828910255,124.36689908032328,-256.9760652205052,-87.24641467930729,3.9211091903878055,-222.1823797663783,-296.16135757479117,-128.2170195461888,105.65913734387019,241.133043516871,19.09533528534085,0.0
2.1204805032436136,1.2181377783734095,0.6890773957113013,0.7965980301153254,0.04032259465838778,0.15413585219214732,0.5831361812179028,-0.23472126002873994,0.16778179085548453,-0.0015791160189438744,0.870957720215416,-0.06968920251197355,-0.2639942305750622,-0.054128753808169186,0.35826640701085544,0.16970813406017093,0.9554268780562429,-0.1576719285198363,0.278510857084255,3.6786239504486113,2.627287873140699,-0.7284998570496364,0.5858857892383963,-1.6167273316464557,1.0168773259387824,5.948646339869292,3.0809103968788505,-4.9642118947990665,3.622520882052079,9.849313102510262,1.3831086249548006,-0.10588628832317648,1.3857881350471617,-1.5428602443302313,5.658566441176236,-13.253534240393321,-0.34034422399560005,-0.21773969426973222,0.9637823635007301,-9.2676958297021,-1.6665457416986484,3.618729853877903,-182.38708136530084,208.4309152529448,175.33718829154273,122.29602179217045,-276.99672385674467,1929.3266184377887,804.3655507572905,-196.46790170733397,-99.78730070616929,8.088819268772049,251.45688915997553,351.0315468652198,13.347896266776143,0.0
2.1930878811437466,1.272142142974939,0.6726935247722161,0.8019004224758066,0.056560468991084016,0.14571892227451283,0.5766477447036322,-0.06507886131915847,0.2078281486461463,-0.12791055183454209,0.9333517733923857,0.10628456910955981,-0.26057902380934933,-0.07017511904939282,0.3615161240498954,0.16548354761248593,1.0491598274906564,-0.33322282593504776,0.27248163932061054,3.593543938020122,2.764811532115242,-0.9005149856296124,1.0806521393628647,-1.8370570395469588,-1.8889839986347985,10.974199737394951,1.3416032661364314,-6.353560107897602,2.2548649504694245,7.474147624726639,-0.1589755008764255,-1.2842967296967767,-0.851346701809703,0.7989880436398433,3.722987737591161,-6.6142420638465325,-0.2512613891402773,-4.079356431986281,7.235685092419554,-10.11138639387103,19.596763918775956,-11.958377486430376,-153.42684797499513,302.0825716227075,-67.82753081126101,63.092912314174015,-120.5683831182982,-156.36536447835394,3.3825086488935465,-52.866551624681925,-111.078182055651,100.49394731726174,-118.19263479835347,171.9343992165981,6.15411335878253,0.0
2.263787416758973,1.3261652440578469,0.6524223695870237,0.8159596404953442,0.06835178136245888,0.14671009472240748,0.5549901325013167,0.15692450085734758,0.22594605260658548,-0.24679822341589464,0.9912428901664789,0.04699029899647218,-0.20734056711269197,-0.13308309720213302,0.30891458673811223,0.11168625630939434,1.1347526363622253,-0.33303134753890284,0.273429841886357,3.5393760590941734,2.6534688530318338,-1.1410490746759623,1.2225967518475584,-0.21998859739861754,-2.633487824003168,11.193616210607122,1.1614506344847744,-5.119019213223213,2.61118591535856,-4.694657071052488,2.7909128999617105,-3.840776836580696,-2.445329866720467,-7.176659480457946,8.293276271314625,3.5879390793770587,0.37829874381809514,1.4400564642187217,-4.7782532567705385,-12.670736994652161,-4.975158021737642,83.29589435111235,-12.08857159410293,-9.025882159443682,43.81010755870544,108.48628201245563,-63.46585067218539,45.856263439675274,-44.19236746167481,6.18397114644705,61.43185252321671,-332.46803056680443,310.48407082461756,271.5425264905831,4.4362423247815705,0.0
2.334418720002492,1.3767326542636715,0.6281842500355052,0.8238570479639846,0.06830170512297275,0.1638432183806148,0.5382841641624293,0.32633497649842547,0.27210814105857606,-0.31283532475078385,1.0868025267811938,-0.2104293047663422,-0.13488595262589545,-0.20635133155506202,0.2702890316172277,-0.03824797908148764,1.2417079608707204,-0.08906875598480685,0.28406048484296276,3.511981461495618,2.4281927756868114,-1.2323202421318806,1.169670550262259,2.3548742229479025,-1.478474594740847,6.352341671972251,3.0837670350277566,-1.9490440210943,5.167420689473634,-12.694669254188462,3.2058501342013366,-3.797741741040883,-1.3906066107535868,-5.304325359793907,0.9780226192866215,10.26100709946905,0.38710451624293185,-3.4900136469650507,-12.050781657144483,0.4043203162912664,13.757246190412097,137.92716336284784,36.15519441429332,-237.37109314923686,66.88957224955375,131.4200918983518,-19.187504992650283,234.28668072506449,-71.59097185801365,-84.54508746481088,75.121496809125,391.9268648548841,-635.54949088955,-618.2157741103977,-25.042931511145,0.0
2.4085212777899243,1.4276985199182397,0.6044526976020752,0.8268095241457651,0.06002662559738738,0.18937625968667368,0.5262313628702969,0.47295152286488434,0.37342251014665495,-0.2576256275644512,1.044272352670202,-0.485804889295974,-0.2215097379193152,-0.224302790098716,0.27681952599221826,-0.10246719809489471,1.1546399945551094,0.3510817042821332,0.2987310093481709,3.7919817065533525,2.5980649885923435,-1.1388056907466835,0.8904220660227783,2.8038714715420006,-1.1637944885507703,6.647924560646117,5.194443578561603,4.8955988847887975,-4.956105657428702,-12.718356689529912,-5.094384695028663,0.5621811201684301,0.9902896272973654,-1.9897690188004509,-6.706168557250353,24.684772617023555,0.8050222592949474,4.364913229064449,2.4649763913442415,6.096295626079871,26.000093679116326,65.8439293787859,50.60248542575165,-177.74866783294448,-94.36449864748266,98.01235491173172,-86.50881917637581,191.1784798948362,68.33922882032024,126.35404806066423,21.103668698137216,128.65178061193424,-332.875694336837,173.48884852976403,0.0008260100836489093,0.0
2.4849633071880115,1.4829857739248156,0.5820909693087563,0.8243262449614354,0.059735701448274725,0.21920391871148887,0.5185243773071704,0.592722123770284,0.4372651301049545,-0.1383879862832173,0.9044610101346621,-0.7557050713623606,-0.30845675361439523,-0.14549456818291948,0.27349772659500154,-0.1359007662454817,0.935663357082143,0.7767078575407638,0.3172081882515798,3.783411018821777,2.8744852377324785,-1.1103131139600542,2.6330589738909396,2.4314515433281185,-0.2655155296401708,4.47876426649603,0.7006037541036321,5.447512999730505,-6.615849657691659,-12.236538662568336,-1.291971970621751,6.021950201276027,-1.4263280456609182,-0.44521780944625405,-12.475274534938896,5.744212730888657,0.8494419087564358,-7.18280591777656,8.986905948517636,0.769308697331222,112.44581024503293,12.339243616544309,38.17010150427865,-237.23733907540839,-304.3253004772916,-143.11615126347837,165.96183513002174,207.26980445908524,250.01424150146423,129.59387084157976,-156.5882747580392,121.76858929327534,-27.855818158927242,-1161.1200494169984,-15.764618783809397,0.0
2.5584160629205273,1.5415278711443952,0.5590332022788156,0.8163778798749852,0.07718760825159415,0.259594064401557,0.510078574447802,0.628942745371757,0.3997577606580547,-0.03944950375467497,0.8248479637419676,-0.9134363131858899,-0.3093829553620747,-0.03378473964876651,0.19422363223732572,-0.1768462620924974,0.8103434285146566,0.7657066531573157,0.339914537495175,3.6216438240908193,2.9691184896552834,-1.1945317784368705,4.513189177520126,2.5925037980095826,0.06427447946211519,-0.1873807573804897,-3.5794837150976355,4.283407588491128,-2.128648310288207,-3.2419650633891575,0.3985353326093737,5.520950882285663,-5.203168239928443,-2.586724166829689,-2.5662628979243327,-2.8887302264690633,1.0978120655523993,-2.6241610457962823,4.420617682514124,-5.632111680206544,68.10003479856431,-0.09801675293047585,33.35728159871361,-202.1070428523434,-151.50041756417684,-84.38819473409197,173.46384994697019,485.2134905006282,18.061697544709087,21.231671914756117,-68.66839094802499,7.4879614083486,293.21193583388833,-96.83885479156572,-17.543654288042006,1.0
2.6304442081732415,1.6014676460165072,0.5335711410087536,0.7999796965500686,0.10815526448569107,0.30600541127786474,0.504673768032731,0.5829703121748802,0.3129030660602084,0.03655783068372726,0.8095478168271335,-0.9261500669123233,-0.3052190256628005,0.08183832927376145,0.06337378452344365,-0.2626302088659015,0.8344850538060183,0.7066744492209367,0.35691740932133076,3.6124857962302337,3.0106852430561677,-1.3555328810375407,5.523751468915382,2.5851200998367236,1.618532327432578,-3.773857560473023,-4.6688822400838035,3.3320620371245706,-0.0012029793873254147,0.3827779671124909,0.11291406224489363,6.4331722077935884,-6.520260786752489,-4.502747180707165,2.6751386152930543,-2.5985622676916695,0.6582700961590674,2.784219340006584,-0.030092567193766073,-10.447094843680379,28.954901002662933,-0.28201781381488367,95.00687811922118,-152.9454837367602,-16.71883299960263,-57.46305055513319,64.30829664171902,50.422731427048895,-6.939792504176617,89.7371729665021,86.4338792489209,51.281508202549084,58.19105445320817,57.75916894590219,-19.59011164675078,1.0
2.7031619999202783,1.6590716736162585,0.5051043692542062,0.7692178481694841,0.1433720783288928,0.3586110432965553,0.5090643071743662,0.4485555240366377,0.2023256726022081,0.073712755200368,0.8411008499063423,-0.9139520281310577,-0.302035378701572,0.18628540039023367,-0.017732321560255962,-0.31385341365015784,0.9058161361993721,0.6677715614086639,0.36999025249354167,3.6735794298256104,2.7663428579591423,-1.490067971276223,5.697790913182531,4.125761439344658,3.1745938965354186,-8.871717483819866,-5.906685447997668,1.2371099920122413,2.059803002650815,0.6190980661251423,0.1546117275361244,4.4443973848099905,-1.7296932802288159,-1.2920668605126766,3.4424155539838126,-1.4472598758530142,0.5717120880773476,5.090896752502881,-13.486437803935331,-8.20021895388445,-2.3415377680340286,77.30287940566579,96.70056449148372,-224.69683514165015,-24.640495027148294,-27.804450406291746,1.3039381716271041,-7.882373018003758,-2.5670628073383375,-78.79383060001132,272.3963436639642,101.72856349343424,-59.40220225622026,49.80234140244215,-12.713833310221455,1.0
2.7779125223855936,1.711149865533585,0.47441469683373866,0.7235011250911813,0.1700069252312846,0.42327309300939747,0.5181540852868541,0.24454880307919796,0.08960649655927604,0.18395269875368092,0.8375874335102355,-0.902112063689163,-0.29681930270508383,0.23019863643486588,0.005833949985578347,-0.3029148231368995,0.9235932143510783,0.6487882944160637,0.3784019900502611,3.777667522613809,2.474739094732401,-1.5730686470436175,5.731877622227287,6.353583566842147,3.2069754391071603,-11.293493031341361,-6.1219715271603405,7.332130391082636,-1.6574217185077558,0.5120552153232817,0.2626860191253782,0.37518843832465887,2.9190850748039914,1.1243860337034741,-0.47913446519154507,-0.6550082754785661,0.30999601490194084,3.5931969911689627,-13.835005528406855,-5.065732448631984,7.540711242947286,96.13988970854696,40.92672590745421,-113.25926192414157,-100.52681248294239,88.90234322468086,-143.76507806436047,-11.25438449550096,-3.9958409480172654,-192.77067749285618,147.10285938989995,-5.255426330429291,-103.93767587973669,25.042921683841904,-10.873640504406975,1.0
2.853689391947419,1.7564224040004943,0.44120486391562735,0.6602351187986041,0.18770968375068214,0.4967029232055658,0.5311693408040951,-0.009617762302734027,-0.07950108748501782,0.25266065085589967,0.7672468656689975,-0.8328108791228005,-0.2361214903372923,0.16096105170254058,0.09650670058254844,-0.27291754893762904,1.0161627731498148,0.6384179062549518,0.3828733347285492,3.8186729776090065,2.1411090350499182,-1.7912395784975357,5.352553449694667,7.698812067873593,4.270764544538354,-13.168671121079228,-9.224096452994623,1.6273131679603552,-4.590024036566929,3.69020753785535,3.1085771299588987,-5.157343288444171,5.8706230244817394,0.7067071269658562,6.195404361409355,-0.36685656669235056,0.15962279677006821,4.05053028133424,-9.503195490316973,-18.95087102459771,-37.920905787713785,9.070115847491309,65.57389278499184,5.6520802877120815,-5.042984775710089,-92.06698585797088,-66.79717957383365,-58.1794550640783,-53.42092283016598,-90.27515126007641,144.0602085941984,-147.62875147350678,-4.924357872391731,16.947559666836014,-6.149047111799213,1.0
2.932627574635791,1.801603347380075,0.4007287823039682,0.5954243364256671,0.20020970623790957,0.5582147206394285,0.5420168436327679,-0.1798814450460876,-0.1932535444457472,0.3248751960711801,0.5911635049670331,-0.7654041763511614,-0.24337551802239168,0.07076330391277445,0.16491902045057497,-0.330497721055588,1.0812725413592192,0.6352965071852106,0.3849053222857411,4.085047612037724,2.3379678752680517,-2.2060630717786114,4.033436471274323,6.2380122391459905,3.1115830904957726,-5.848744495402207,-1.7309817686250044,3.1223388361589968,-8.80837962782409,2.6044248791070865,-1.09268622544169,-4.006923812435456,-0.3237412180568164,-7.320568965908295,1.7969652310215942,-0.0619713618186049,0.07068350563215578,15.54447253209709,4.290235113691523,-22.62442419808665,-97.4675490082629,-52.89324763102213,-70.50658474027277,200.51395010406947,472.2166871314845,69.63625902622991,281.3154765046944,-121.66342723604782,56.051813241453274,-9.54547676474867,-112.16139759836804,-98.48168241987932,-126.89592658481604,4.533127818648628,-0.831509014224467,1.0
3.014720143419868,1.8492430273074947,0.3529294583343172,0.5447585686240548,0.2035695043146156,0.604891399516773,0.5439705448040472,-0.28307430040882153,-0.19658713348768858,0.34347664705170033,0.48258496327719363,-0.7210588401755964,-0.23563660421241409,-0.008878843957888008,0.16179732860547683,-0.427873617654715,1.178300578315252,0.6326778409112687,0.3864855690089081,4.103396322143537,2.4614386831375783,-2.538838344050954,3.4944343196811167,4.652385738614576,1.4016815626890218,-4.224751134229253,0.6863767408515258,-0.32925188593161986,-3.1452287804844206,1.7857565043169836,0.746070457337022,-3.178513133807884,0.3435854287452186,-2.469013938738482,5.684134486773402,-0.11771687006157315,0.07336646293800271,-1.0437382271051563,11.531717898839128,-16.640519543247134,-10.010877067811379,-100.20360578382392,-72.83498536729728,128.95393381805283,77.54521693426922,-110.99090030162165,217.8145796872312,-44.783265880693975,4.053540133523937,144.90983991171927,66.48741491425312,259.6920324193363,-16.05064151692168,4.38881948461646,-1.4264326403606105,1.0
3.0970264399031846,1.8999060121458557,0.2985965224185104,0.5135385454049504,0.20004391990149634,0.6419086278326246,0.5331171597386898,-0.3330854770103984,-0.14869973193308336,0.3163172971236471,0.43444069712042926,-0.6337788172257417,-0.15025579470507178,-0.07102580857392467,0.1934164697495751,-0.41618502114937356,1.3295946661441989,0.6229994805228011,0.38755528506867665,4.130985239823239,2.5983394911339444,-2.892329132228388,2.6653828663646895,3.1730229209530805,-0.7840016406628996,-0.5832058901199954,3.6882299398107063,-2.948735422878194,-2.5340373488705814,4.37752436895593,4.269084894469481,-2.9450974009636823,3.3613285609345747,2.9580256125392883,7.910175025288136,-0.529321634280685,0.034367723431279903,1.3450340027662135,7.8359777912221125,-20.85462964465961,-56.56066970851385,-80.06593453678805,-89.42935009939573,224.5178343644503,149.37949873858688,-161.7916669284867,3.854460215793509,-69.69309588423893,-73.19263416734968,57.16916842691313,190.82226217290622,184.56600276176113,-44.624099542063504,7.449763379178458,-2.346665643115083,1.0
3.182816356089216,1.9314787348771547,0.25979004723149773,0.4623013758189603,0.19022587576104333,0.6781873329516005,0.5386589788825905,-0.4794632227566877,-0.0896476949250808,0.1429545767696849,0.4319203352849067,-0.40351052645736474,-0.015014625025542344,-0.275357954892347,0.187666370332571,-0.4418027567243638,1.5880041230176714,0.5952749869052664,0.38782578765374615,4.458227941071943,0.422616788752999,-0.8396105996281191,1.5815093522222086,8.888107885533367,4.823978730986935,-14.328625961560046,2.2359472495688335,-10.014388509177724,0.6670175657881381,11.991355664440265,6.210695605214633,-18.043640932755597,-3.8617480861299756,-4.763624798975507,15.512742179685734,-1.4546519627234111,0.00744071692589264,12.611381111823654,-79.20397879109278,64.33093117964208,-66.11167017256945,195.23160077118564,226.74478266806972,-307.85919836229334,145.4041621975952,337.9769873124473,-258.04730941125007,-206.96512510113692,-145.79132577689472,-417.2880881929136,-251.6091767688462,-129.27294686594132,-255.76567614025478,23.38476068817116,-0.21692697842645164,1.0
3.2712924262764043,1.9351914975464752,0.24768258717769784,0.358299420292567,0.18538339344573207,0.7140395963156078,0.5721905082627632,-0.7722872610730724,-0.07236985813402942,-0.16610981226340388,0.409987203766766,-0.16472232741921888,0.02823365425583655,-0.6630024751597751,0.03847995221518188,-0.5042545345222158,1.8627242135057078,0.47256431049920844,0.3855408503299003,4.362416281718397,0.2165338121717517,-0.677765969058956,1.0468992533655448,9.506061465910122,6.811951690064852,-12.891334857784063,2.1291149356483987,-15.161667324621392,-3.186785048576324,10.042996057658563,1.2149167497644071,-18.389774821977596,-9.261260412154321,-0.7548262426678816,10.020864963803945,-6.1962950343031356,-0.14172385035504445,-10.159332289451395,10.23937064834457,-14.276822924453135,-42.831303851496536,-43.70731174119348,62.41210161979211,224.04630128274064,242.13417711338417,242.38660380575865,-217.35497063945976,-255.66381357991375,-26.39482146368202,178.8197912353493,-157.14211217631873,304.329488930214,-452.42424793195204,93.67243879558633,0.6044910313995302,1.0
3.354267634356001,1.9432763232483765,0.23120932235810782,0.2575159389191639,0.18479303890673263,0.7339528235715375,0.6007081876798117,-0.9893518979189224,0.011735340263358558,-0.4591777261983638,0.3932266410675825,-0.02387614134231803,0.08789873781137256,-1.002321024619152,-0.15988143737652377,-0.40140872954099327,2.0272344486670733,0.3954378461478856,0.37284064449685406,3.9830463342074585,0.5973817952707388,-0.9831374755433185,0.8002378904487177,7.143839823308469,4.731632111849198,-8.178476802045736,7.994523876968763,-12.420090417676766,-0.40292472985556005,5.380826449003786,2.9398185729030515,-15.174318035749463,-8.872234858697848,9.683830655000104,5.853166810716821,-2.7055043645790784,-0.73962816472911,-17.255502038903888,24.46973347103649,-21.23283274759807,-28.120759559320362,-203.28693996614305,-338.11465563268723,383.8152629589342,621.9226376034113,322.03487518449055,-23.853277410335647,-150.1374819900165,-44.8555921751773,256.19924911712855,290.8626078900048,430.4882387029329,-332.069074822152,78.39774978670701,3.795017623853235,1.0
3.4234036610054837,1.9570771009040544,0.21376656615200806,0.21001353796473224,0.17602092468310312,0.7408478611491499,0.6132335563029565,-1.0580483210251448,0.3147104316615928,-0.5973373385764593,0.24741839013195946,0.061514087792256006,0.17553386292738252,-1.217621289490918,-0.2879144473743695,-0.13725776488522734,2.229061433751878,0.1650590563203514,0.35080313059016616,2.6269375692482804,0.3647238070053305,-0.2525239153919024,-1.8177628770063237,2.7860699568748033,2.3066436692558066,-4.078604175536252,18.262425098305805,-4.8046900754891455,-7.063198900063614,2.975565745621636,3.9453734085506436,-5.660274713343524,-0.7154461036148199,16.208630405383275,13.047192413566432,-12.703872467566802,-1.072165084511563,-104.62069047951425,-42.32327715317872,72.93621216985366,-284.69983167562395,-158.69815448695235,89.23696066405051,-265.64875901654676,275.00998322310295,130.2333658666493,94.40094225240665,-62.811871321723906,-93.91317631502777,792.6792075519265,1021.7225666245416,359.0577694206597,219.94750529198126,232.09666410191267,17.25683878560438,1.0
3.4634243719493374,1.9666580302828476,0.21596374089706133,0.20164022501187237,0.17601648450151575,0.7240783364685117,0.6356649899891308,-1.1415678362449697,0.7821414409104186,-0.4735070551476399,0.06452175603726487,0.12537272578069641,0.2548591026637417,-1.1730959118473097,-0.17162129888658337,0.2857374072698601,2.438761470334388,-0.19421283557878205,0.33380067748622394,1.7181962924160348,0.7763672621717903,0.25545163329382337,-1.9465598963670852,-1.5315896089509842,-0.48609188736908887,-1.0830308466465173,25.334717557914967,7.312073835518087,-8.40211036978924,2.478641150529093,3.367412769617346,8.711035920206527,9.122353444991122,23.711078385687962,6.598150464181643,-15.73497751370171,-0.6982845844189862,-22.706424800971508,35.511227125085355,18.590837449041636,123.53105024118632,-237.74472609010365,-163.84416160795706,449.6036235278653,17.32916265384676,-315.3973476354638,281.84685613765953,-85.6821456671278,-62.300433526515675,625.2130516024803,202.23757134493326,137.68594441625254,-485.46564794498494,428.1615127230988,14.776077929025707,1.0
3.5013013299536757,1.9907294737508348,0.22946785664558927,0.20301828940205002,0.2108725737448622,0.7225401887335395,0.6263002534530733,-1.112560501896874,1.1143563007697779,-0.2622918096903954,0.17050847855876894,-0.016884600143402352,0.066926052765468,-0.9708188802884322,-0.17436207951947813,0.5045607136595435,2.3727389127624123,-0.42052992090545877,0.3272795125592935,2.1005265764817884,1.5622446393331284,0.9746786861727273,3.9321607048095144,-3.0683230343833325,4.65837893928623,8.895368583200625,9.231113811751252,10.899536335481363,9.585919485187873,-7.228399067681115,-10.145794111720686,10.28689741882256,-7.82768673973498,2.6164258033267664,-8.706924618258359,-9.881203497512878,-0.18442770888919738,28.621790911477195,37.99838295416023,28.31173826583117,274.3073218892497,-32.13565527643549,266.523373089988,1177.336020488334,-897.6116917896992,-108.55419173067845,163.6179998702793,185.84431855136842,162.47913106660172,-2.3654306820901585,-764.2064953193227,-664.3929076478188,-601.9840913707411,137.5363623581067,8.107860383724239,1.0
3.549433397229824,2.026754719390988,0.24970427324153394,0.17480877102945297,0.28215818216609145,0.7291355916958016,0.5984897181492024,-0.9402449118992078,1.1610565630383642,-0.16500645048433535,0.5306650101465615,-0.26636060378052934,-0.08802055619223793,-0.7532171647783586,-0.3234457334976002,0.4002925731339538,2.042168584917409,-0.46296301775496496,0.325634189464288,2.7062409246075214,1.9973157138555993,1.0021052698843769,4.8460182481707195,-2.4789315030941825,7.430041212373344,10.529991398118407,-3.4228613618674535,1.5041652256189328,18.686616421685166,-10.76969089171134,-6.335359251169225,12.255736770371104,-6.314328778416115,-9.486357961535232,-23.704818328622146,3.9300045404161636,-0.033439538523823184,36.589978231872166,20.175846178237144,-5.361496801384103,28.202044627975205,65.7210921416634,136.11963999560305,230.35183385193145,-675.9177511460816,-301.64173679025726,-230.39759458803502,307.51998932302234,128.2616405599372,235.65100999625278,196.75480758109228,-307.3566718431447,-888.3865062679682,737.1803202051235,4.601585760678325,1.0
3.6110204275719155,2.069405460221193,0.26828420398566255,0.11929841752972152,0.3625818610769348,0.7283615354517584,0.5690270250763544,-0.7360411182434689,0.9211735073113054,-0.2714918737357974,0.9148741866440537,-0.5317270501287374,-0.15328000062515318,-0.4398901160710149,-0.37689410085487285,0.27563617696702836,1.2573474876714057,-0.20539677417999483,0.3332159353689336,3.2586935300082875,2.1515552229333914,0.8117951684670263,5.1728800846284715,-0.9052035104216994,9.388380059024277,9.485778590826326,-15.962866482311952,-5.95448163396983,17.1896129912042,-11.647324258235624,-2.312412252033201,18.48762118719193,1.4744756078777268,-1.4718915109950141,-47.595850514719494,12.888212060201033,0.4472794402041701,5.877231035878573,-10.060031829854687,-16.87620482106702,-2.664146012258686,78.64388326773835,63.90257698445536,-179.75998526969138,-222.6835877604811,120.21697057520481,-332.1789909864283,256.4278995017763,59.869589922727556,218.15050452520802,547.3352363135484,808.9628239025308,-408.84008278421175,-286.09213066917533,-7.105394979037721,1.0
3.675348490319098,2.1060442940363506,0.28115529857351945,0.04544924891529647,0.43287261076265,0.7215241397273805,0.5384780259353442,-0.5714759086434843,0.5978947827026673,-0.3355231524566592,1.1609202355358397,-0.7321638686729584,-0.16976114918325835,-0.17287347874660053,-0.2992250983631433,0.3887659479863861,0.5187129672982622,0.023932249912112197,0.34139948495078265,3.2172296549510366,1.5065555668583983,0.5150280490941067,5.600427132728826,1.3248912811754043,8.94318068611471,6.30169081761666,-15.862125308767085,-1.2376648557640233,8.769496146054024,-8.606317557491776,-0.4280756379569905,5.536730412653158,2.6888722046820313,5.293360606226848,-23.0341360570017,8.399272885428438,0.3366893866818601,6.160393851650392,-36.0059777668654,-15.616637374456644,14.339643815447515,141.71427796989627,-61.88878072024368,-228.10547693984577,93.40899985701819,236.1632216687255,-378.2077345578232,152.08735785551895,13.378887950032926,-1108.8281689073506,-362.32404720811354,-904.5661268398928,1714.0878715009053,-338.31891150201943,-6.546714563622523,1.0
3.7406955913440454,2.131996015676001,0.28851962353395083,-0.030725245124667983,0.47164613890773494,0.7200146184654305,0.5081189114385868,-0.42730953755704765,0.31642949153056804,-0.29751079601624053,1.2289863434770298,-0.8895486821501853,-0.18133581119504327,-0.25085500514786,-0.28704658044703,0.2826933156155601,0.3043345777113475,0.24257334154815996,0.35385631968767417,3.1972718243386926,1.0072424779188422,0.3616091210838931,4.517011060123158,2.706844555374329,4.877219972306625,6.539187145750164,-10.892980782773678,3.5882453048316063,1.2167775485654082,-5.7405626253093915,-0.5788187645926589,-9.934610191733961,1.7283046829850142,-11.086143848762692,-2.9022452628509092,10.171044449102828,0.6663663662978943,-43.747290436729365,-103.59749444501486,58.62740492853641,-538.989148854264,160.43035874854536,-310.0249770608987,-542.2395712138969,1025.492871881784,24.195507264409965,408.76178518087073,731.8035532445215,-11.097391922836842,-686.9225296385233,737.938745205146,-274.96430159427734,817.746384967584,-211.40673024851964,-5.4635778817714655,1.0
3.7991268648725196,2.144791588827967,0.3014789545127352,-0.07633016540991289,0.47483920470040597,0.7178352021553658,0.5034024811962546,-0.2814241367481609,0.17264053671694055,-0.21886324382558794,1.2337963179746976,-0.9208422420748831,-0.17901680425329553,-0.47128809681796646,-0.19781965464617737,-0.03186847890554132,0.2478595291901067,0.031032601558766283,0.36698516055997166,2.7825545300551835,0.5927588645334945,0.6950188947959581,1.962652505594534,2.4665786145437405,1.205126712372817,9.411098382789492,-6.566185439216979,4.390393159555041,-1.999600539405483,0.15126886251698787,0.23092840614329027,-10.132419976089992,7.169953318245988,-14.138941754916585,-4.580680198281688,-16.320768364890668,0.5855461751828255,-14.27590258469953,-3.046775608264655,3.1942840193944058,-18.171621050104505,-59.63582884094674,-145.48638671694317,220.2649304552896,-4.791408177329124,29.312077051008014,-202.57187038364594,92.68883196960508,-1.335531772896304,107.7163974984664,363.4942585338434,408.5296750177579,-201.55345645930214,72.98059580289323,-11.226165532771393,1.0
3.8509779647723956,2.156340622626361,0.3172823294445058,-0.09598982782298399,0.46897533044429673,0.72400703879316,0.4966506822376621,-0.03180556071264222,0.03037007931322945,-0.1536004892606474,1.1005982700164263,-0.8690570161517777,-0.15004499812830466,-0.6518550007784792,-0.02370647435110782,-0.3520888800884013,0.20472448191258574,-0.10323902613993993,0.37609645466739566,2.4389112727638707,0.5132666809007341,0.8884182218922314,1.601862426404898,0.5224519675867869,-0.09434522861065288,13.998854598328847,-7.590959618032127,2.1136707801829244,-8.320641332143671,2.901415490746475,1.5080343090663635,-8.224566135088104,10.601660464128607,-14.074803769897631,-0.6113854897453879,-3.5254551276868606,0.3501395413553362,-16.26991308161517,-11.125340564118202,11.82510693028573,-19.276937676668123,-78.2516816617634,-13.322088784719533,85.30233952734828,-44.56607987506075,-131.37739759970492,-14.087958624607538,-25.94529948658453,-19.844194934141075,67.44076820044629,210.81344523610127,360.86997742483726,105.12835756954892,177.73670949753284,-10.923026508972539,1.0
3.8990838424576384,2.1622553911305467,0.3360468984812689,-0.11969970567541571,0.47608537231057463,0.7243183670386631,0.4841256055029142,0.2017050603599449,-0.09847064378374391,-0.10341433341024708,0.9422914803087237,-0.8155928253426847,-0.10613629684616781,-0.8841070979081396,0.15634598874832373,-0.5143010575325061,0.36612059626430066,-0.1260618412626464,0.3813754661344872,2.381530173787837,0.17377864281456798,0.9508128805539126,2.174842206620214,0.9049959913102633,3.8611284527096266,9.774499080992312,-4.916432088839246,2.6510812986103582,-6.13746627626011,2.2167701305888,1.9605771493966522,-12.73516363486787,7.211336192487098,-5.628543487875141,9.598618499019356,0.40688001507420846,0.20317764713032105,-1.5262710005421796,-8.98031564190999,-1.289631637543431,20.99414696581655,7.4560379182118,257.6377520711336,-203.45691485200945,214.19227058397794,11.667895499841443,290.08308820033983,-56.22558824638029,-46.36056506802417,-31.79741192793065,-229.4311669562921,136.61857093703327,-150.11648044612667,99.39380373616561,-5.633143155251133,1.0
3.941751189683181,2.164542134202982,0.35492180617407587,-0.16899585853355803,0.5352741923635813,0.6873419861910356,0.4609587105229515,0.3921330036181909,-0.09772403232310933,-0.15953190460127153,0.9034140756174057,-0.7115431165428644,0.028526552841962118,-1.2109443850403492,0.25779890961745283,-0.4631470439664235,0.7069402859642725,-0.260166020899758,0.38471222104266223,1.9303923664689855,0.16031409789521656,0.9152559738823463,0.8218491130078496,-0.7087935499646881,12.861602473930388,9.277814439207573,5.615823701956332,-6.082080019782275,0.655699518298644,5.289503706136061,6.642047025295817,-16.461768368143854,2.193086255019727,3.2457907511643453,16.672793608420793,-6.5892830231070905,0.14161118735628234,-20.223706077890096,11.048726462692278,-4.500577514782863,-79.53194712158485,-89.08474769711152,454.39471306682606,-75.41575203788682,721.4870336446907,-259.4178659867793,205.02058902628744,-69.2928221751014,-115.79207832472898,139.85934280606529,-397.62795677045085,-107.49203974055955,-346.75921662615315,145.19060994641728,-3.0989672234439354,1.0
3.9781234504554046,2.1706335392016527,0.37393132574646837,-0.2554748112954397,0.6756315110528104,0.563858444501247,0.4003977230588218,0.4904001365816412,0.19562803561935976,-0.4195241511101147,0.9099766215878581,-0.4574450496017426,0.2221128323326234,-1.5535281156401366,0.07797719149440722,-0.3717405441792706,1.2879463636279458,-0.4450702669164611,0.3614246592426865,1.672594994742128,0.4656730238680383,0.903261292837267,-0.1583469644019046,-2.2372446590011648,28.028456610361072,-1.8927277029210274,25.218780170220853,-15.405684870014554,-1.434241917200816,12.881720938674183,8.93640784678017,-14.5442212072886,-16.777451395575433,5.798972327373908,30.15284243040296,-7.555554551657122,-1.4822289342368626,-17.174176491551826,13.84941409092933,-8.714686713690218,-140.66623073723534,-25.197071226483033,681.6315899353566,-1184.3563772030532,1229.5274963215288,-213.9744420114336,-318.615698535835,-176.44905087775527,-164.09270350188797,327.12887750984254,-784.7575187728711,262.6702593412968,-274.23489188447627,236.74308123019762,3.796683558324455,1.0
4.01242912595875,2.1800739352091134,0.38786671833305125,-0.3431876464785808,0.8147953065640192,0.35267459910468574,0.306515048328931,0.04498529385622008,0.7600295404168413,-0.6911105323223631,0.8018690385687548,-0.28613280486513515,0.3065868020904647,-1.7815053557241214,-0.23845712450020692,-0.14863714205136436,1.5857890814260045,-0.4013819674032996,0.34325476008598804,1.863125910247698,0.39946001029256983,0.6517423324334786,-0.9722558657235856,-1.6012514109630844,27.148624178724816,-42.01170910702401,23.15588160285344,-16.793296193506876,-6.923576566084494,6.353855653068683,0.9824564552591836,-9.589328687231886,-13.812628097582893,15.383204763854858,6.199641699589414,3.4653806719439904,-0.6043061081937133,33.24466771189273,-9.645470659806392,13.05135386956044,-6.48387954171451,-125.11592468008885,-402.7485283676767,-2043.983682530972,-1266.610037026579,-517.7043803455633,-105.90246150847064,-213.73542852807753,-208.40330229453753,264.18428777961475,459.9674832598171,362.3188461232886,-713.0048186390171,-72.12546751094727,23.596990794381952,1.0
4.061506535209159,2.1873897739938624,0.40072580999888596,-0.3860771673231946,0.8776224947037581,0.19835892529106244,0.20341316186280595,-0.9288089553018729,0.9148519793877669,-0.8338823755779954,0.7511321037471671,-0.4017973353290829,0.2485461242501882,-1.8557704978576826,-0.3410139708880858,0.19279831845329137,1.5184693291156819,-0.29798406921043186,0.3371789255518876,3.0040477989692858,0.42074293653002304,0.5799809445795652,0.8935166134587006,-5.876324691690856,14.223687960291326,-41.522459816516765,-0.37781037936573014,7.860695676018218,2.018924664316904,-7.84228871460068,-3.2727864835687033,2.6474709101278373,0.5663790389201658,16.836321084619414,-7.914558168538484,4.451458668405747,-0.17457032347284324,57.80816018935547,12.823791378107295,-17.01907824518205,84.982775197325,-255.89732818773584,-473.18158155889637,1528.416132114093,-368.9248488507812,1826.9207528634247,524.9466809816805,85.73550593901778,31.38030759354947,768.0599332608328,410.32424053093814,-113.28561430037176,-281.3597725974846,-142.29522834827355,7.94987293506853,1.0
